"","country","code","region","indicator","indicatorCode","year","percRD","NA","NA","NA","NA","NA","NA","NA","NA","NA","NA","NA","NA","NA","NA","NA","NA","NA","NA","NA","NA","NA","NA","NA","NA","NA","NA","NA","NA","NA","NA","NA","NA","NA","NA","NA","NA","NA","NA","NA","NA","NA","NA","NA","NA","NA","NA","NA","NA","NA","NA","NA","NA"
"1","Aruba","ABW","Research and development expenditure (% of GDP)","GB.XPD.RSDV.GD.ZS",NA,NA,NA,NA,NA,NA,NA,NA,NA,NA,NA,NA,NA,NA,NA,NA,NA,NA,NA,NA,NA,NA,NA,NA,NA,NA,NA,NA,NA,NA,NA,NA,NA,NA,NA,NA,NA,NA,NA,NA,NA,NA,NA,NA,NA,NA,NA,NA,NA,NA,NA,NA,NA,NA,NA
"2","Andorra","AND","Research and development expenditure (% of GDP)","GB.XPD.RSDV.GD.ZS",NA,NA,NA,NA,NA,NA,NA,NA,NA,NA,NA,NA,NA,NA,NA,NA,NA,NA,NA,NA,NA,NA,NA,NA,NA,NA,NA,NA,NA,NA,NA,NA,NA,NA,NA,NA,NA,NA,NA,NA,NA,NA,NA,NA,NA,NA,NA,NA,NA,NA,NA,NA,NA,NA,NA
"3","Afghanistan","AFG","Research and development expenditure (% of GDP)","GB.XPD.RSDV.GD.ZS",NA,NA,NA,NA,NA,NA,NA,NA,NA,NA,NA,NA,NA,NA,NA,NA,NA,NA,NA,NA,NA,NA,NA,NA,NA,NA,NA,NA,NA,NA,NA,NA,NA,NA,NA,NA,NA,NA,NA,NA,NA,NA,NA,NA,NA,NA,NA,NA,NA,NA,NA,NA,NA,NA,NA
"4","Angola","AGO","Research and development expenditure (% of GDP)","GB.XPD.RSDV.GD.ZS",NA,NA,NA,NA,NA,NA,NA,NA,NA,NA,NA,NA,NA,NA,NA,NA,NA,NA,NA,NA,NA,NA,NA,NA,NA,NA,NA,NA,NA,NA,NA,NA,NA,NA,NA,NA,NA,NA,NA,NA,NA,NA,NA,NA,NA,NA,NA,NA,NA,NA,NA,NA,NA,NA,NA
"5","Albania","ALB","Research and development expenditure (% of GDP)","GB.XPD.RSDV.GD.ZS",NA,NA,NA,NA,NA,NA,NA,NA,NA,NA,NA,NA,NA,NA,NA,NA,NA,NA,NA,NA,NA,NA,NA,NA,NA,NA,NA,NA,NA,NA,NA,NA,NA,NA,NA,NA,NA,NA,NA,NA,NA,NA,NA,NA,NA,NA,NA,0.08735,0.15308,NA,NA,NA,NA,NA,NA
"6","Andean Region","ANR","Research and development expenditure (% of GDP)","GB.XPD.RSDV.GD.ZS",NA,NA,NA,NA,NA,NA,NA,NA,NA,NA,NA,NA,NA,NA,NA,NA,NA,NA,NA,NA,NA,NA,NA,NA,NA,NA,NA,NA,NA,NA,NA,NA,NA,NA,NA,NA,NA,NA,NA,NA,NA,NA,NA,NA,NA,NA,NA,NA,NA,NA,NA,NA,NA,NA,NA
"7","Arab World","ARB","Research and development expenditure (% of GDP)","GB.XPD.RSDV.GD.ZS",NA,NA,NA,NA,NA,NA,NA,NA,NA,NA,NA,NA,NA,NA,NA,NA,NA,NA,NA,NA,NA,NA,NA,NA,NA,NA,NA,NA,NA,NA,NA,NA,NA,NA,NA,NA,NA,NA,NA,NA,NA,NA,NA,NA,NA,NA,NA,NA,NA,NA,NA,NA,NA,NA,NA
"8","United Arab Emirates","ARE","Research and development expenditure (% of GDP)","GB.XPD.RSDV.GD.ZS",NA,NA,NA,NA,NA,NA,NA,NA,NA,NA,NA,NA,NA,NA,NA,NA,NA,NA,NA,NA,NA,NA,NA,NA,NA,NA,NA,NA,NA,NA,NA,NA,NA,NA,NA,NA,NA,NA,NA,NA,NA,NA,NA,NA,NA,NA,NA,NA,NA,NA,NA,0.48911,NA,NA,NA
"9","Argentina","ARG","Research and development expenditure (% of GDP)","GB.XPD.RSDV.GD.ZS",NA,NA,NA,NA,NA,NA,NA,NA,NA,NA,NA,NA,NA,NA,NA,NA,NA,NA,NA,NA,NA,NA,NA,NA,NA,NA,NA,NA,NA,NA,NA,NA,NA,NA,NA,NA,0.41749,0.41959,0.41131,0.45337,0.43884,0.42461,0.38886,0.41013,0.43756,0.46077,0.49462,0.50793,0.52381,0.5951,0.61745,0.64696,NA,NA,NA
"10","Armenia","ARM","Research and development expenditure (% of GDP)","GB.XPD.RSDV.GD.ZS",NA,NA,NA,NA,NA,NA,NA,NA,NA,NA,NA,NA,NA,NA,NA,NA,NA,NA,NA,NA,NA,NA,NA,NA,NA,NA,NA,NA,NA,NA,NA,NA,NA,NA,NA,NA,NA,0.18692,0.22601,0.214,0.18463,0.27987,0.25255,0.23971,0.21201,0.25761,0.24057,0.21107,0.22438,0.29093,0.24139,0.27014,NA,NA,NA
"11","American Samoa","ASM","Research and development expenditure (% of GDP)","GB.XPD.RSDV.GD.ZS",NA,NA,NA,NA,NA,NA,NA,NA,NA,NA,NA,NA,NA,NA,NA,NA,NA,NA,NA,NA,NA,NA,NA,NA,NA,NA,NA,NA,NA,NA,NA,NA,NA,NA,NA,NA,NA,NA,NA,NA,NA,NA,NA,NA,NA,NA,NA,NA,NA,NA,NA,NA,NA,NA,NA
"12","Antigua and Barbuda","ATG","Research and development expenditure (% of GDP)","GB.XPD.RSDV.GD.ZS",NA,NA,NA,NA,NA,NA,NA,NA,NA,NA,NA,NA,NA,NA,NA,NA,NA,NA,NA,NA,NA,NA,NA,NA,NA,NA,NA,NA,NA,NA,NA,NA,NA,NA,NA,NA,NA,NA,NA,NA,NA,NA,NA,NA,NA,NA,NA,NA,NA,NA,NA,NA,NA,NA,NA
"13","Australia","AUS","Research and development expenditure (% of GDP)","GB.XPD.RSDV.GD.ZS",NA,NA,NA,NA,NA,NA,NA,NA,NA,NA,NA,NA,NA,NA,NA,NA,NA,NA,NA,NA,NA,NA,NA,NA,NA,NA,NA,NA,NA,NA,NA,NA,NA,NA,NA,NA,1.65987,NA,1.51324,NA,1.57349,NA,1.75,NA,1.85759,NA,2.18873,NA,2.40778,NA,2.38562,NA,NA,NA,NA
"14","Austria","AUT","Research and development expenditure (% of GDP)","GB.XPD.RSDV.GD.ZS",NA,NA,NA,NA,NA,NA,NA,NA,NA,NA,NA,NA,NA,NA,NA,NA,NA,NA,NA,NA,NA,NA,NA,NA,NA,NA,NA,NA,NA,NA,NA,NA,NA,NA,NA,NA,1.59811,1.69444,1.77157,1.88782,1.93246,2.05092,2.12412,2.24092,2.23663,2.4587,2.43928,2.50632,2.66957,2.70782,2.79846,2.76578,2.83639,NA,NA
"15","Azerbaijan","AZE","Research and development expenditure (% of GDP)","GB.XPD.RSDV.GD.ZS",NA,NA,NA,NA,NA,NA,NA,NA,NA,NA,NA,NA,NA,NA,NA,NA,NA,NA,NA,NA,NA,NA,NA,NA,NA,NA,NA,NA,NA,NA,NA,NA,NA,NA,NA,NA,0.23533,0.3695,0.42124,0.39289,0.336,0.34001,0.30155,0.32496,0.29831,0.21994,0.17165,0.17006,0.16554,0.24976,0.21848,0.21084,NA,NA,NA
"16","Burundi","BDI","Research and development expenditure (% of GDP)","GB.XPD.RSDV.GD.ZS",NA,NA,NA,NA,NA,NA,NA,NA,NA,NA,NA,NA,NA,NA,NA,NA,NA,NA,NA,NA,NA,NA,NA,NA,NA,NA,NA,NA,NA,NA,NA,NA,NA,NA,NA,NA,NA,NA,NA,NA,NA,NA,NA,NA,NA,NA,NA,0.2007,0.15419,0.14434,0.13755,0.12126,NA,NA,NA
"17","Belgium","BEL","Research and development expenditure (% of GDP)","GB.XPD.RSDV.GD.ZS",NA,NA,NA,NA,NA,NA,NA,NA,NA,NA,NA,NA,NA,NA,NA,NA,NA,NA,NA,NA,NA,NA,NA,NA,NA,NA,NA,NA,NA,NA,NA,NA,NA,NA,NA,NA,1.7645,1.83103,1.85932,1.93301,1.96558,2.06825,1.93609,1.87482,1.85508,1.82957,1.85884,1.89299,1.96686,2.02668,2.10478,2.21281,2.23621,NA,NA
"18","Benin","BEN","Research and development expenditure (% of GDP)","GB.XPD.RSDV.GD.ZS",NA,NA,NA,NA,NA,NA,NA,NA,NA,NA,NA,NA,NA,NA,NA,NA,NA,NA,NA,NA,NA,NA,NA,NA,NA,NA,NA,NA,NA,NA,NA,NA,NA,NA,NA,NA,NA,NA,NA,NA,NA,NA,NA,NA,NA,NA,NA,NA,NA,NA,NA,NA,NA,NA,NA
"19","Burkina Faso","BFA","Research and development expenditure (% of GDP)","GB.XPD.RSDV.GD.ZS",NA,NA,NA,NA,NA,NA,NA,NA,NA,NA,NA,NA,NA,NA,NA,NA,NA,NA,NA,NA,NA,NA,NA,NA,NA,NA,NA,NA,NA,NA,NA,NA,NA,NA,NA,NA,0.15834,0.18104,NA,NA,NA,0.19057,0.33866,0.27119,0.24197,0.17057,NA,0.11088,0.18676,0.20056,NA,NA,NA,NA,NA
"20","Bangladesh","BGD","Research and development expenditure (% of GDP)","GB.XPD.RSDV.GD.ZS",NA,NA,NA,NA,NA,NA,NA,NA,NA,NA,NA,NA,NA,NA,NA,NA,NA,NA,NA,NA,NA,NA,NA,NA,NA,NA,NA,NA,NA,NA,NA,NA,NA,NA,NA,NA,NA,NA,NA,NA,NA,NA,NA,NA,NA,NA,NA,NA,NA,NA,NA,NA,NA,NA,NA
"21","Bulgaria","BGR","Research and development expenditure (% of GDP)","GB.XPD.RSDV.GD.ZS",NA,NA,NA,NA,NA,NA,NA,NA,NA,NA,NA,NA,NA,NA,NA,NA,NA,NA,NA,NA,NA,NA,NA,NA,NA,NA,NA,NA,NA,NA,NA,NA,NA,NA,NA,NA,0.57846,0.52394,0.55497,0.55308,0.50829,0.45724,0.47705,0.48311,0.48715,0.45762,0.45775,0.45368,0.47024,0.52847,0.59794,0.57041,0.63924,NA,NA
"22","Bahrain","BHR","Research and development expenditure (% of GDP)","GB.XPD.RSDV.GD.ZS",NA,NA,NA,NA,NA,NA,NA,NA,NA,NA,NA,NA,NA,NA,NA,NA,NA,NA,NA,NA,NA,NA,NA,NA,NA,NA,NA,NA,NA,NA,NA,NA,NA,NA,NA,NA,NA,NA,NA,NA,NA,NA,NA,NA,NA,NA,NA,NA,NA,NA,NA,NA,NA,NA,NA
"23","Bahamas, The","BHS","Research and development expenditure (% of GDP)","GB.XPD.RSDV.GD.ZS",NA,NA,NA,NA,NA,NA,NA,NA,NA,NA,NA,NA,NA,NA,NA,NA,NA,NA,NA,NA,NA,NA,NA,NA,NA,NA,NA,NA,NA,NA,NA,NA,NA,NA,NA,NA,NA,NA,NA,NA,NA,NA,NA,NA,NA,NA,NA,NA,NA,NA,NA,NA,NA,NA,NA
"24","Bosnia and Herzegovina","BIH","Research and development expenditure (% of GDP)","GB.XPD.RSDV.GD.ZS",NA,NA,NA,NA,NA,NA,NA,NA,NA,NA,NA,NA,NA,NA,NA,NA,NA,NA,NA,NA,NA,NA,NA,NA,NA,NA,NA,NA,NA,NA,NA,NA,NA,NA,NA,NA,NA,NA,NA,NA,NA,NA,NA,0.01854,0.01611,0.02765,0.02043,0.02603,0.01898,0.02171,NA,NA,NA,NA,NA
"25","Belarus","BLR","Research and development expenditure (% of GDP)","GB.XPD.RSDV.GD.ZS",NA,NA,NA,NA,NA,NA,NA,NA,NA,NA,NA,NA,NA,NA,NA,NA,NA,NA,NA,NA,NA,NA,NA,NA,NA,NA,NA,NA,NA,NA,NA,NA,NA,NA,NA,NA,0.99852,0.73,0.70578,0.84523,0.7221,0.70876,0.6209,0.61147,0.62759,0.67852,0.66065,0.96203,0.74147,0.64269,0.6935,0.7006,NA,NA,NA
"26","Belize","BLZ","Research and development expenditure (% of GDP)","GB.XPD.RSDV.GD.ZS",NA,NA,NA,NA,NA,NA,NA,NA,NA,NA,NA,NA,NA,NA,NA,NA,NA,NA,NA,NA,NA,NA,NA,NA,NA,NA,NA,NA,NA,NA,NA,NA,NA,NA,NA,NA,NA,NA,NA,NA,NA,NA,NA,NA,NA,NA,NA,NA,NA,NA,NA,NA,NA,NA,NA
"27","Bermuda","BMU","Research and development expenditure (% of GDP)","GB.XPD.RSDV.GD.ZS",NA,NA,NA,NA,NA,NA,NA,NA,NA,NA,NA,NA,NA,NA,NA,NA,NA,NA,NA,NA,NA,NA,NA,NA,NA,NA,NA,NA,NA,NA,NA,NA,NA,NA,NA,NA,NA,0.05885,NA,NA,NA,NA,NA,NA,NA,NA,NA,0.20526,0.2095,0.22217,0.22283,0.26122,NA,NA,NA
"28","Bolivia","BOL","Research and development expenditure (% of GDP)","GB.XPD.RSDV.GD.ZS",NA,NA,NA,NA,NA,NA,NA,NA,NA,NA,NA,NA,NA,NA,NA,NA,NA,NA,NA,NA,NA,NA,NA,NA,NA,NA,NA,NA,NA,NA,NA,NA,NA,NA,NA,NA,0.32544,0.31577,0.29495,0.29836,0.28744,0.29358,0.27663,NA,NA,NA,NA,NA,NA,0.157,NA,NA,NA,NA,NA
"29","Brazil","BRA","Research and development expenditure (% of GDP)","GB.XPD.RSDV.GD.ZS",NA,NA,NA,NA,NA,NA,NA,NA,NA,NA,NA,NA,NA,NA,NA,NA,NA,NA,NA,NA,NA,NA,NA,NA,NA,NA,NA,NA,NA,NA,NA,NA,NA,NA,NA,NA,NA,NA,NA,NA,1.01825,1.0429,0.98472,0.95792,0.89952,0.97132,1.00801,1.09514,1.11431,1.16614,1.16042,1.20964,NA,NA,NA
"30","Barbados","BRB","Research and development expenditure (% of GDP)","GB.XPD.RSDV.GD.ZS",NA,NA,NA,NA,NA,NA,NA,NA,NA,NA,NA,NA,NA,NA,NA,NA,NA,NA,NA,NA,NA,NA,NA,NA,NA,NA,NA,NA,NA,NA,NA,NA,NA,NA,NA,NA,NA,NA,NA,NA,NA,NA,NA,NA,NA,NA,NA,NA,NA,NA,NA,NA,NA,NA,NA
"31","Brunei Darussalam","BRN","Research and development expenditure (% of GDP)","GB.XPD.RSDV.GD.ZS",NA,NA,NA,NA,NA,NA,NA,NA,NA,NA,NA,NA,NA,NA,NA,NA,NA,NA,NA,NA,NA,NA,NA,NA,NA,NA,NA,NA,NA,NA,NA,NA,NA,NA,NA,NA,NA,NA,NA,NA,NA,NA,0.01592,0.01842,0.03701,NA,NA,NA,NA,NA,NA,NA,NA,NA,NA
"32","Bhutan","BTN","Research and development expenditure (% of GDP)","GB.XPD.RSDV.GD.ZS",NA,NA,NA,NA,NA,NA,NA,NA,NA,NA,NA,NA,NA,NA,NA,NA,NA,NA,NA,NA,NA,NA,NA,NA,NA,NA,NA,NA,NA,NA,NA,NA,NA,NA,NA,NA,NA,NA,NA,NA,NA,NA,NA,NA,NA,NA,NA,NA,NA,NA,NA,NA,NA,NA,NA
"33","Botswana","BWA","Research and development expenditure (% of GDP)","GB.XPD.RSDV.GD.ZS",NA,NA,NA,NA,NA,NA,NA,NA,NA,NA,NA,NA,NA,NA,NA,NA,NA,NA,NA,NA,NA,NA,NA,NA,NA,NA,NA,NA,NA,NA,NA,NA,NA,NA,NA,NA,NA,NA,NA,NA,NA,NA,NA,NA,NA,0.53286,NA,NA,NA,NA,NA,NA,NA,NA,NA
"34","Sub-Saharan Africa (IFC classification)","CAA","Research and development expenditure (% of GDP)","GB.XPD.RSDV.GD.ZS",NA,NA,NA,NA,NA,NA,NA,NA,NA,NA,NA,NA,NA,NA,NA,NA,NA,NA,NA,NA,NA,NA,NA,NA,NA,NA,NA,NA,NA,NA,NA,NA,NA,NA,NA,NA,NA,NA,NA,NA,NA,NA,NA,NA,NA,NA,NA,NA,NA,NA,NA,NA,NA,NA,NA
"35","Central African Republic","CAF","Research and development expenditure (% of GDP)","GB.XPD.RSDV.GD.ZS",NA,NA,NA,NA,NA,NA,NA,NA,NA,NA,NA,NA,NA,NA,NA,NA,NA,NA,NA,NA,NA,NA,NA,NA,NA,NA,NA,NA,NA,NA,NA,NA,NA,NA,NA,NA,NA,NA,NA,NA,NA,NA,NA,NA,NA,NA,NA,NA,NA,NA,NA,NA,NA,NA,NA
"36","Canada","CAN","Research and development expenditure (% of GDP)","GB.XPD.RSDV.GD.ZS",NA,NA,NA,NA,NA,NA,NA,NA,NA,NA,NA,NA,NA,NA,NA,NA,NA,NA,NA,NA,NA,NA,NA,NA,NA,NA,NA,NA,NA,NA,NA,NA,NA,NA,NA,NA,1.65093,1.65803,1.7583,1.79522,1.90939,2.08773,2.04145,2.03524,2.06669,2.03975,2.00489,1.9634,1.91821,1.97052,1.86008,1.78503,1.72797,NA,NA
"37","East Asia and the Pacific (IFC classification)","CEA","Research and development expenditure (% of GDP)","GB.XPD.RSDV.GD.ZS",NA,NA,NA,NA,NA,NA,NA,NA,NA,NA,NA,NA,NA,NA,NA,NA,NA,NA,NA,NA,NA,NA,NA,NA,NA,NA,NA,NA,NA,NA,NA,NA,NA,NA,NA,NA,NA,NA,NA,NA,NA,NA,NA,NA,NA,NA,NA,NA,NA,NA,NA,NA,NA,NA,NA
"38","Central Europe and the Baltics","CEB","Research and development expenditure (% of GDP)","GB.XPD.RSDV.GD.ZS",NA,NA,NA,NA,NA,NA,NA,NA,NA,NA,NA,NA,NA,NA,NA,NA,NA,NA,NA,NA,NA,NA,NA,NA,NA,NA,NA,NA,NA,NA,NA,NA,NA,NA,NA,NA,0.749231778080952,0.767102470805267,0.747541097629389,0.751585388060561,0.756420999023651,0.759890435385001,0.750462518040547,0.741805596415823,0.747987686488319,0.749357835363214,0.766815831010752,0.775004219330114,0.80250639989333,0.853131778153183,0.897510367083224,0.985842211706325,1.09108528691273,NA,NA
"39","Europe and Central Asia (IFC classification)","CEU","Research and development expenditure (% of GDP)","GB.XPD.RSDV.GD.ZS",NA,NA,NA,NA,NA,NA,NA,NA,NA,NA,NA,NA,NA,NA,NA,NA,NA,NA,NA,NA,NA,NA,NA,NA,NA,NA,NA,NA,NA,NA,NA,NA,NA,NA,NA,NA,NA,NA,NA,NA,NA,NA,NA,NA,NA,NA,NA,NA,NA,NA,NA,NA,NA,NA,NA
"40","Switzerland","CHE","Research and development expenditure (% of GDP)","GB.XPD.RSDV.GD.ZS",NA,NA,NA,NA,NA,NA,NA,NA,NA,NA,NA,NA,NA,NA,NA,NA,NA,NA,NA,NA,NA,NA,NA,NA,NA,NA,NA,NA,NA,NA,NA,NA,NA,NA,NA,NA,2.59029,NA,NA,NA,2.46875,NA,NA,NA,2.8151,NA,NA,NA,2.87046,NA,NA,NA,NA,NA,NA
"41","Channel Islands","CHI","Research and development expenditure (% of GDP)","GB.XPD.RSDV.GD.ZS",NA,NA,NA,NA,NA,NA,NA,NA,NA,NA,NA,NA,NA,NA,NA,NA,NA,NA,NA,NA,NA,NA,NA,NA,NA,NA,NA,NA,NA,NA,NA,NA,NA,NA,NA,NA,NA,NA,NA,NA,NA,NA,NA,NA,NA,NA,NA,NA,NA,NA,NA,NA,NA,NA,NA
"42","Chile","CHL","Research and development expenditure (% of GDP)","GB.XPD.RSDV.GD.ZS",NA,NA,NA,NA,NA,NA,NA,NA,NA,NA,NA,NA,NA,NA,NA,NA,NA,NA,NA,NA,NA,NA,NA,NA,NA,NA,NA,NA,NA,NA,NA,NA,NA,NA,NA,NA,NA,NA,NA,NA,NA,NA,NA,NA,NA,NA,NA,0.3105,0.37499,0.40957,0.41722,NA,NA,NA,NA
"43","China","CHN","Research and development expenditure (% of GDP)","GB.XPD.RSDV.GD.ZS",NA,NA,NA,NA,NA,NA,NA,NA,NA,NA,NA,NA,NA,NA,NA,NA,NA,NA,NA,NA,NA,NA,NA,NA,NA,NA,NA,NA,NA,NA,NA,NA,NA,NA,NA,NA,0.56828,0.64473,0.65297,0.75705,0.90276,0.95069,1.07003,1.13356,1.22989,1.32476,1.3883,1.39582,1.46986,1.70198,1.75899,1.83617,1.98305,NA,NA
"44","Cote d'Ivoire","CIV","Research and development expenditure (% of GDP)","GB.XPD.RSDV.GD.ZS",NA,NA,NA,NA,NA,NA,NA,NA,NA,NA,NA,NA,NA,NA,NA,NA,NA,NA,NA,NA,NA,NA,NA,NA,NA,NA,NA,NA,NA,NA,NA,NA,NA,NA,NA,NA,NA,NA,NA,NA,NA,NA,NA,NA,NA,NA,NA,NA,NA,NA,NA,NA,NA,NA,NA
"45","Latin America and the Caribbean (IFC classification)","CLA","Research and development expenditure (% of GDP)","GB.XPD.RSDV.GD.ZS",NA,NA,NA,NA,NA,NA,NA,NA,NA,NA,NA,NA,NA,NA,NA,NA,NA,NA,NA,NA,NA,NA,NA,NA,NA,NA,NA,NA,NA,NA,NA,NA,NA,NA,NA,NA,NA,NA,NA,NA,NA,NA,NA,NA,NA,NA,NA,NA,NA,NA,NA,NA,NA,NA,NA
"46","Middle East and North Africa (IFC classification)","CME","Research and development expenditure (% of GDP)","GB.XPD.RSDV.GD.ZS",NA,NA,NA,NA,NA,NA,NA,NA,NA,NA,NA,NA,NA,NA,NA,NA,NA,NA,NA,NA,NA,NA,NA,NA,NA,NA,NA,NA,NA,NA,NA,NA,NA,NA,NA,NA,NA,NA,NA,NA,NA,NA,NA,NA,NA,NA,NA,NA,NA,NA,NA,NA,NA,NA,NA
"47","Cameroon","CMR","Research and development expenditure (% of GDP)","GB.XPD.RSDV.GD.ZS",NA,NA,NA,NA,NA,NA,NA,NA,NA,NA,NA,NA,NA,NA,NA,NA,NA,NA,NA,NA,NA,NA,NA,NA,NA,NA,NA,NA,NA,NA,NA,NA,NA,NA,NA,NA,NA,NA,NA,NA,NA,NA,NA,NA,NA,NA,NA,NA,NA,NA,NA,NA,NA,NA,NA
"48","Congo, Rep.","COG","Research and development expenditure (% of GDP)","GB.XPD.RSDV.GD.ZS",NA,NA,NA,NA,NA,NA,NA,NA,NA,NA,NA,NA,NA,NA,NA,NA,NA,NA,NA,NA,NA,NA,NA,NA,NA,NA,NA,NA,NA,NA,NA,NA,NA,NA,NA,NA,NA,NA,NA,NA,NA,NA,NA,NA,NA,NA,NA,NA,NA,NA,NA,NA,NA,NA,NA
"49","Colombia","COL","Research and development expenditure (% of GDP)","GB.XPD.RSDV.GD.ZS",NA,NA,NA,NA,NA,NA,NA,NA,NA,NA,NA,NA,NA,NA,NA,NA,NA,NA,NA,NA,NA,NA,NA,NA,NA,NA,NA,NA,NA,NA,NA,NA,NA,NA,NA,NA,0.29923,0.27366,NA,NA,0.10603,0.10945,0.11597,0.14043,0.14201,0.14335,0.14166,0.17053,0.18178,0.17779,0.18054,0.18297,0.17267,NA,NA
"50","Comoros","COM","Research and development expenditure (% of GDP)","GB.XPD.RSDV.GD.ZS",NA,NA,NA,NA,NA,NA,NA,NA,NA,NA,NA,NA,NA,NA,NA,NA,NA,NA,NA,NA,NA,NA,NA,NA,NA,NA,NA,NA,NA,NA,NA,NA,NA,NA,NA,NA,NA,NA,NA,NA,NA,NA,NA,NA,NA,NA,NA,NA,NA,NA,NA,NA,NA,NA,NA
"51","Cabo Verde","CPV","Research and development expenditure (% of GDP)","GB.XPD.RSDV.GD.ZS",NA,NA,NA,NA,NA,NA,NA,NA,NA,NA,NA,NA,NA,NA,NA,NA,NA,NA,NA,NA,NA,NA,NA,NA,NA,NA,NA,NA,NA,NA,NA,NA,NA,NA,NA,NA,NA,NA,NA,NA,NA,NA,NA,NA,NA,NA,NA,NA,NA,NA,NA,0.07264,NA,NA,NA
"52","Costa Rica","CRI","Research and development expenditure (% of GDP)","GB.XPD.RSDV.GD.ZS",NA,NA,NA,NA,NA,NA,NA,NA,NA,NA,NA,NA,NA,NA,NA,NA,NA,NA,NA,NA,NA,NA,NA,NA,NA,NA,NA,NA,NA,NA,NA,NA,NA,NA,NA,NA,0.298,0.29075,0.2574,0.33172,0.38728,NA,NA,0.35682,0.37318,NA,0.43047,0.36417,0.3984,0.54117,0.48261,0.47641,NA,NA,NA
"53","South Asia (IFC classification)","CSA","Research and development expenditure (% of GDP)","GB.XPD.RSDV.GD.ZS",NA,NA,NA,NA,NA,NA,NA,NA,NA,NA,NA,NA,NA,NA,NA,NA,NA,NA,NA,NA,NA,NA,NA,NA,NA,NA,NA,NA,NA,NA,NA,NA,NA,NA,NA,NA,NA,NA,NA,NA,NA,NA,NA,NA,NA,NA,NA,NA,NA,NA,NA,NA,NA,NA,NA
"54","Caribbean small states","CSS","Research and development expenditure (% of GDP)","GB.XPD.RSDV.GD.ZS",NA,NA,NA,NA,NA,NA,NA,NA,NA,NA,NA,NA,NA,NA,NA,NA,NA,NA,NA,NA,NA,NA,NA,NA,NA,NA,NA,NA,NA,NA,NA,NA,NA,NA,NA,NA,NA,NA,NA,NA,NA,NA,NA,NA,NA,NA,NA,NA,NA,NA,NA,NA,NA,NA,NA
"55","Cuba","CUB","Research and development expenditure (% of GDP)","GB.XPD.RSDV.GD.ZS",NA,NA,NA,NA,NA,NA,NA,NA,NA,NA,NA,NA,NA,NA,NA,NA,NA,NA,NA,NA,NA,NA,NA,NA,NA,NA,NA,NA,NA,NA,NA,NA,NA,NA,NA,NA,0.34736,0.40172,0.50123,0.45831,0.47865,0.56528,0.56445,0.58243,0.60231,0.5492,0.44139,0.43615,0.50061,0.61487,0.60766,0.27494,0.41934,NA,NA
"56","Curacao","CUW","Research and development expenditure (% of GDP)","GB.XPD.RSDV.GD.ZS",NA,NA,NA,NA,NA,NA,NA,NA,NA,NA,NA,NA,NA,NA,NA,NA,NA,NA,NA,NA,NA,NA,NA,NA,NA,NA,NA,NA,NA,NA,NA,NA,NA,NA,NA,NA,NA,NA,NA,NA,NA,NA,NA,NA,NA,NA,NA,NA,NA,NA,NA,NA,NA,NA,NA
"57","Cayman Islands","CYM","Research and development expenditure (% of GDP)","GB.XPD.RSDV.GD.ZS",NA,NA,NA,NA,NA,NA,NA,NA,NA,NA,NA,NA,NA,NA,NA,NA,NA,NA,NA,NA,NA,NA,NA,NA,NA,NA,NA,NA,NA,NA,NA,NA,NA,NA,NA,NA,NA,NA,NA,NA,NA,NA,NA,NA,NA,NA,NA,NA,NA,NA,NA,NA,NA,NA,NA
"58","Cyprus","CYP","Research and development expenditure (% of GDP)","GB.XPD.RSDV.GD.ZS",NA,NA,NA,NA,NA,NA,NA,NA,NA,NA,NA,NA,NA,NA,NA,NA,NA,NA,NA,NA,NA,NA,NA,NA,NA,NA,NA,NA,NA,NA,NA,NA,NA,NA,NA,NA,NA,NA,0.2181,0.23416,0.24324,0.25453,0.30253,0.34769,0.36755,0.40437,0.42502,0.4412,0.42439,0.48972,0.49355,0.49716,0.46726,NA,NA
"59","Czech Republic","CZE","Research and development expenditure (% of GDP)","GB.XPD.RSDV.GD.ZS",NA,NA,NA,NA,NA,NA,NA,NA,NA,NA,NA,NA,NA,NA,NA,NA,NA,NA,NA,NA,NA,NA,NA,NA,NA,NA,NA,NA,NA,NA,NA,NA,NA,NA,NA,NA,0.92328,1.03333,1.1091,1.10035,1.16699,1.15729,1.151,1.1996,1.19771,1.22417,1.29059,1.3654,1.29591,1.35342,1.3974,1.6413,1.88148,NA,NA
"60","Germany","DEU","Research and development expenditure (% of GDP)","GB.XPD.RSDV.GD.ZS",NA,NA,NA,NA,NA,NA,NA,NA,NA,NA,NA,NA,NA,NA,NA,NA,NA,NA,NA,NA,NA,NA,NA,NA,NA,NA,NA,NA,NA,NA,NA,NA,NA,NA,NA,NA,2.19565,2.24087,2.27838,2.4093,2.47223,2.47405,2.50276,2.53963,2.50339,2.5058,2.54026,2.53169,2.68945,2.82263,2.80352,2.89286,2.9191,NA,NA
"61","Djibouti","DJI","Research and development expenditure (% of GDP)","GB.XPD.RSDV.GD.ZS",NA,NA,NA,NA,NA,NA,NA,NA,NA,NA,NA,NA,NA,NA,NA,NA,NA,NA,NA,NA,NA,NA,NA,NA,NA,NA,NA,NA,NA,NA,NA,NA,NA,NA,NA,NA,NA,NA,NA,NA,NA,NA,NA,NA,NA,NA,NA,NA,NA,NA,NA,NA,NA,NA,NA
"62","Dominica","DMA","Research and development expenditure (% of GDP)","GB.XPD.RSDV.GD.ZS",NA,NA,NA,NA,NA,NA,NA,NA,NA,NA,NA,NA,NA,NA,NA,NA,NA,NA,NA,NA,NA,NA,NA,NA,NA,NA,NA,NA,NA,NA,NA,NA,NA,NA,NA,NA,NA,NA,NA,NA,NA,NA,NA,NA,NA,NA,NA,NA,NA,NA,NA,NA,NA,NA,NA
"63","Denmark","DNK","Research and development expenditure (% of GDP)","GB.XPD.RSDV.GD.ZS",NA,NA,NA,NA,NA,NA,NA,NA,NA,NA,NA,NA,NA,NA,NA,NA,NA,NA,NA,NA,NA,NA,NA,NA,NA,NA,NA,NA,NA,NA,NA,NA,NA,NA,NA,NA,1.83798,1.92353,2.04476,2.17682,NA,2.38718,2.5082,2.57549,2.48487,2.45645,2.47752,2.58008,2.8499,3.16039,3.00138,2.97599,2.98416,NA,NA
"64","Dominican Republic","DOM","Research and development expenditure (% of GDP)","GB.XPD.RSDV.GD.ZS",NA,NA,NA,NA,NA,NA,NA,NA,NA,NA,NA,NA,NA,NA,NA,NA,NA,NA,NA,NA,NA,NA,NA,NA,NA,NA,NA,NA,NA,NA,NA,NA,NA,NA,NA,NA,NA,NA,NA,NA,NA,NA,NA,NA,NA,NA,NA,NA,NA,NA,NA,NA,NA,NA,NA
"65","Algeria","DZA","Research and development expenditure (% of GDP)","GB.XPD.RSDV.GD.ZS",NA,NA,NA,NA,NA,NA,NA,NA,NA,NA,NA,NA,NA,NA,NA,NA,NA,NA,NA,NA,NA,NA,NA,NA,NA,NA,NA,NA,NA,NA,NA,NA,NA,NA,NA,NA,NA,NA,NA,NA,NA,0.23028,0.3664,0.19623,0.16357,0.06604,NA,NA,NA,NA,NA,NA,NA,NA,NA
"66","East Asia & Pacific (developing only)","EAP","Research and development expenditure (% of GDP)","GB.XPD.RSDV.GD.ZS",NA,NA,NA,NA,NA,NA,NA,NA,NA,NA,NA,NA,NA,NA,NA,NA,NA,NA,NA,NA,NA,NA,NA,NA,NA,NA,NA,NA,NA,NA,NA,NA,NA,NA,NA,NA,0.465489830907478,0.570043780069733,0.63562163907258,0.705665656130853,0.738852754047472,0.810084227386823,0.924062830130101,1.02123366056269,1.1227867892275,1.19872595809969,1.26956454482871,1.27027683547552,1.43544432727483,1.4682425734274,1.72982856415557,1.80511039484749,1.98305,NA,NA
"67","East Asia & Pacific (all income levels)","EAS","Research and development expenditure (% of GDP)","GB.XPD.RSDV.GD.ZS",NA,NA,NA,NA,NA,NA,NA,NA,NA,NA,NA,NA,NA,NA,NA,NA,NA,NA,NA,NA,NA,NA,NA,NA,NA,NA,NA,NA,NA,NA,NA,NA,NA,NA,NA,NA,2.27472763154362,2.34935510886693,2.31721366337328,2.39832263342364,2.32505251163529,2.37996197477257,2.33850506861365,2.4316073559681,2.41232428286896,2.51407404900341,2.50326248496511,2.45752837699124,2.49808493858104,2.37656140478134,2.50203307221627,2.59437494281069,NA,NA,NA
"68","Europe & Central Asia (developing only)","ECA","Research and development expenditure (% of GDP)","GB.XPD.RSDV.GD.ZS",NA,NA,NA,NA,NA,NA,NA,NA,NA,NA,NA,NA,NA,NA,NA,NA,NA,NA,NA,NA,NA,NA,NA,NA,NA,NA,NA,NA,NA,NA,NA,NA,NA,NA,NA,NA,0.541574873039678,0.623540226960357,0.497585391384959,0.542449957311145,0.533424027081836,0.58848180310694,0.602438948195869,0.566365510482116,0.564448265709943,0.620399980557734,0.597912619437599,0.654424566165324,0.649447236987997,0.72072571743685,0.712195008543565,0.706807979544226,NA,NA,NA
"69","Europe & Central Asia (all income levels)","ECS","Research and development expenditure (% of GDP)","GB.XPD.RSDV.GD.ZS",NA,NA,NA,NA,NA,NA,NA,NA,NA,NA,NA,NA,NA,NA,NA,NA,NA,NA,NA,NA,NA,NA,NA,NA,NA,NA,NA,NA,NA,NA,NA,NA,NA,NA,NA,NA,1.72317772243038,1.70478810203458,1.67429958491835,1.7697406505789,1.74995873414114,1.79487763681031,1.76587746486756,1.7895812754312,1.76602178871381,1.71708290402611,1.72425232467814,1.72433157082246,1.80803301906494,1.90720094367007,1.86542873393983,1.86454871573709,1.94764602362621,NA,NA
"70","Ecuador","ECU","Research and development expenditure (% of GDP)","GB.XPD.RSDV.GD.ZS",NA,NA,NA,NA,NA,NA,NA,NA,NA,NA,NA,NA,NA,NA,NA,NA,NA,NA,NA,NA,NA,NA,NA,NA,NA,NA,NA,NA,NA,NA,NA,NA,NA,NA,NA,NA,0.07726,0.06608,0.06956,NA,NA,0.0515,0.05534,0.05735,NA,NA,0.12863,0.13194,0.22779,NA,NA,NA,NA,NA,NA
"71","Egypt, Arab Rep.","EGY","Research and development expenditure (% of GDP)","GB.XPD.RSDV.GD.ZS",NA,NA,NA,NA,NA,NA,NA,NA,NA,NA,NA,NA,NA,NA,NA,NA,NA,NA,NA,NA,NA,NA,NA,NA,NA,NA,NA,NA,NA,NA,NA,NA,NA,NA,NA,NA,0.2126,0.19756,0.1991,0.18651,0.19247,NA,NA,NA,0.26994,0.24141,0.25903,0.2551,0.27024,0.23911,0.39781,0.42863,NA,NA,NA
"72","Euro area","EMU","Research and development expenditure (% of GDP)","GB.XPD.RSDV.GD.ZS",NA,NA,NA,NA,NA,NA,NA,NA,NA,NA,NA,NA,NA,NA,NA,NA,NA,NA,NA,NA,NA,NA,NA,NA,NA,NA,NA,NA,NA,NA,NA,NA,NA,NA,NA,NA,1.79063259421912,1.76627370650332,1.79776459537822,1.82421513873357,1.86698934448346,1.8595587535155,1.90121325213092,1.86672339764295,1.84586472435855,1.84075763466979,1.8649465541486,1.87331841516765,1.99467402122043,2.09781730882134,2.10420174769119,2.11327645893676,2.13986439931992,NA,NA
"73","Eritrea","ERI","Research and development expenditure (% of GDP)","GB.XPD.RSDV.GD.ZS",NA,NA,NA,NA,NA,NA,NA,NA,NA,NA,NA,NA,NA,NA,NA,NA,NA,NA,NA,NA,NA,NA,NA,NA,NA,NA,NA,NA,NA,NA,NA,NA,NA,NA,NA,NA,NA,NA,NA,NA,NA,NA,NA,NA,NA,NA,NA,NA,NA,NA,NA,NA,NA,NA,NA
"74","Spain","ESP","Research and development expenditure (% of GDP)","GB.XPD.RSDV.GD.ZS",NA,NA,NA,NA,NA,NA,NA,NA,NA,NA,NA,NA,NA,NA,NA,NA,NA,NA,NA,NA,NA,NA,NA,NA,NA,NA,NA,NA,NA,NA,NA,NA,NA,NA,NA,NA,0.81352,0.80171,0.87424,0.86177,0.90791,0.91522,0.98642,1.04881,1.06333,1.1214,1.19885,1.26689,1.35149,1.39285,1.3952,1.35563,1.30142,NA,NA
"75","Estonia","EST","Research and development expenditure (% of GDP)","GB.XPD.RSDV.GD.ZS",NA,NA,NA,NA,NA,NA,NA,NA,NA,NA,NA,NA,NA,NA,NA,NA,NA,NA,NA,NA,NA,NA,NA,NA,NA,NA,NA,NA,NA,NA,NA,NA,NA,NA,NA,NA,NA,NA,0.57266,0.6832,0.60115,0.70001,0.71627,0.76689,0.85389,0.93029,1.12758,1.08061,1.28142,1.41301,1.61964,2.37073,2.18191,NA,NA
"76","Ethiopia","ETH","Research and development expenditure (% of GDP)","GB.XPD.RSDV.GD.ZS",NA,NA,NA,NA,NA,NA,NA,NA,NA,NA,NA,NA,NA,NA,NA,NA,NA,NA,NA,NA,NA,NA,NA,NA,NA,NA,NA,NA,NA,NA,NA,NA,NA,NA,NA,NA,NA,NA,NA,NA,NA,NA,NA,NA,NA,0.18235,NA,0.17393,NA,NA,0.24566,NA,NA,NA,NA
"77","European Union","EUU","Research and development expenditure (% of GDP)","GB.XPD.RSDV.GD.ZS",NA,NA,NA,NA,NA,NA,NA,NA,NA,NA,NA,NA,NA,NA,NA,NA,NA,NA,NA,NA,NA,NA,NA,NA,NA,NA,NA,NA,NA,NA,NA,NA,NA,NA,NA,NA,1.75423570332931,1.77507730541989,1.74828758316149,1.83408382569866,1.80275694346774,1.86266214633004,1.83289283929222,1.85886883107871,1.82244321911831,1.81507883645018,1.83758173658953,1.83984650324354,1.93509016911448,2.03554052079793,2.0261897622448,2.04091026590413,2.0586257664503,NA,NA
"78","Fragile and conflict affected situations","FCS","Research and development expenditure (% of GDP)","GB.XPD.RSDV.GD.ZS",NA,NA,NA,NA,NA,NA,NA,NA,NA,NA,NA,NA,NA,NA,NA,NA,NA,NA,NA,NA,NA,NA,NA,NA,NA,NA,NA,NA,NA,NA,NA,NA,NA,NA,NA,NA,NA,NA,NA,NA,NA,NA,NA,NA,NA,NA,NA,NA,NA,NA,NA,NA,NA,NA,NA
"79","Finland","FIN","Research and development expenditure (% of GDP)","GB.XPD.RSDV.GD.ZS",NA,NA,NA,NA,NA,NA,NA,NA,NA,NA,NA,NA,NA,NA,NA,NA,NA,NA,NA,NA,NA,NA,NA,NA,NA,NA,NA,NA,NA,NA,NA,NA,NA,NA,NA,NA,2.52559,2.70524,2.87617,3.171,3.34552,3.31616,3.36269,3.43914,3.45016,3.47693,3.47552,3.47143,3.7007,3.93834,3.9006,3.79677,3.54823,NA,NA
"80","Fiji","FJI","Research and development expenditure (% of GDP)","GB.XPD.RSDV.GD.ZS",NA,NA,NA,NA,NA,NA,NA,NA,NA,NA,NA,NA,NA,NA,NA,NA,NA,NA,NA,NA,NA,NA,NA,NA,NA,NA,NA,NA,NA,NA,NA,NA,NA,NA,NA,NA,NA,NA,NA,NA,NA,NA,NA,NA,NA,NA,NA,NA,NA,NA,NA,NA,NA,NA,NA
"81","France","FRA","Research and development expenditure (% of GDP)","GB.XPD.RSDV.GD.ZS",NA,NA,NA,NA,NA,NA,NA,NA,NA,NA,NA,NA,NA,NA,NA,NA,NA,NA,NA,NA,NA,NA,NA,NA,NA,NA,NA,NA,NA,NA,NA,NA,NA,NA,NA,NA,2.2693,2.19441,2.14358,2.16008,2.15015,2.19901,2.23777,2.17703,2.15591,2.10865,2.10801,2.08306,2.12427,2.27149,2.24446,2.24979,2.26264,NA,NA
"82","Faeroe Islands","FRO","Research and development expenditure (% of GDP)","GB.XPD.RSDV.GD.ZS",NA,NA,NA,NA,NA,NA,NA,NA,NA,NA,NA,NA,NA,NA,NA,NA,NA,NA,NA,NA,NA,NA,NA,NA,NA,NA,NA,NA,NA,NA,NA,NA,NA,NA,NA,NA,NA,NA,NA,NA,NA,NA,NA,0.86117,NA,NA,NA,NA,NA,NA,NA,NA,NA,NA,NA
"83","Micronesia, Fed. Sts.","FSM","Research and development expenditure (% of GDP)","GB.XPD.RSDV.GD.ZS",NA,NA,NA,NA,NA,NA,NA,NA,NA,NA,NA,NA,NA,NA,NA,NA,NA,NA,NA,NA,NA,NA,NA,NA,NA,NA,NA,NA,NA,NA,NA,NA,NA,NA,NA,NA,NA,NA,NA,NA,NA,NA,NA,NA,NA,NA,NA,NA,NA,NA,NA,NA,NA,NA,NA
"84","Gabon","GAB","Research and development expenditure (% of GDP)","GB.XPD.RSDV.GD.ZS",NA,NA,NA,NA,NA,NA,NA,NA,NA,NA,NA,NA,NA,NA,NA,NA,NA,NA,NA,NA,NA,NA,NA,NA,NA,NA,NA,NA,NA,NA,NA,NA,NA,NA,NA,NA,NA,NA,NA,NA,NA,NA,NA,NA,NA,NA,NA,0.44757,0.50514,0.58087,NA,NA,NA,NA,NA
"85","United Kingdom","GBR","Research and development expenditure (% of GDP)","GB.XPD.RSDV.GD.ZS",NA,NA,NA,NA,NA,NA,NA,NA,NA,NA,NA,NA,NA,NA,NA,NA,NA,NA,NA,NA,NA,NA,NA,NA,NA,NA,NA,NA,NA,NA,NA,NA,NA,NA,NA,NA,1.80097,1.73365,1.73204,1.80402,1.79488,1.77236,1.77794,1.73249,1.6693,1.69816,1.71941,1.75061,1.75376,1.82477,1.77448,1.78145,1.72108,NA,NA
"86","Georgia","GEO","Research and development expenditure (% of GDP)","GB.XPD.RSDV.GD.ZS",NA,NA,NA,NA,NA,NA,NA,NA,NA,NA,NA,NA,NA,NA,NA,NA,NA,NA,NA,NA,NA,NA,NA,NA,NA,NA,NA,NA,NA,NA,NA,NA,NA,NA,NA,NA,0.33088,0.3424,0.35384,0.28769,0.2153,0.23848,0.18574,0.2176,0.2442,0.17658,NA,NA,NA,NA,NA,NA,NA,NA,NA
"87","Ghana","GHA","Research and development expenditure (% of GDP)","GB.XPD.RSDV.GD.ZS",NA,NA,NA,NA,NA,NA,NA,NA,NA,NA,NA,NA,NA,NA,NA,NA,NA,NA,NA,NA,NA,NA,NA,NA,NA,NA,NA,NA,NA,NA,NA,NA,NA,NA,NA,NA,NA,NA,NA,NA,NA,NA,NA,NA,NA,NA,NA,0.23157,NA,NA,0.37655,NA,NA,NA,NA
"88","Guinea","GIN","Research and development expenditure (% of GDP)","GB.XPD.RSDV.GD.ZS",NA,NA,NA,NA,NA,NA,NA,NA,NA,NA,NA,NA,NA,NA,NA,NA,NA,NA,NA,NA,NA,NA,NA,NA,NA,NA,NA,NA,NA,NA,NA,NA,NA,NA,NA,NA,NA,NA,NA,NA,NA,NA,NA,NA,NA,NA,NA,NA,NA,NA,NA,NA,NA,NA,NA
"89","Gambia, The","GMB","Research and development expenditure (% of GDP)","GB.XPD.RSDV.GD.ZS",NA,NA,NA,NA,NA,NA,NA,NA,NA,NA,NA,NA,NA,NA,NA,NA,NA,NA,NA,NA,NA,NA,NA,NA,NA,NA,NA,NA,NA,NA,NA,NA,NA,NA,NA,NA,NA,NA,NA,NA,NA,NA,NA,NA,NA,NA,NA,NA,0.02039,0.01748,NA,0.13309,NA,NA,NA
"90","Guinea-Bissau","GNB","Research and development expenditure (% of GDP)","GB.XPD.RSDV.GD.ZS",NA,NA,NA,NA,NA,NA,NA,NA,NA,NA,NA,NA,NA,NA,NA,NA,NA,NA,NA,NA,NA,NA,NA,NA,NA,NA,NA,NA,NA,NA,NA,NA,NA,NA,NA,NA,NA,NA,NA,NA,NA,NA,NA,NA,NA,NA,NA,NA,NA,NA,NA,NA,NA,NA,NA
"91","Equatorial Guinea","GNQ","Research and development expenditure (% of GDP)","GB.XPD.RSDV.GD.ZS",NA,NA,NA,NA,NA,NA,NA,NA,NA,NA,NA,NA,NA,NA,NA,NA,NA,NA,NA,NA,NA,NA,NA,NA,NA,NA,NA,NA,NA,NA,NA,NA,NA,NA,NA,NA,NA,NA,NA,NA,NA,NA,NA,NA,NA,NA,NA,NA,NA,NA,NA,NA,NA,NA,NA
"92","Greece","GRC","Research and development expenditure (% of GDP)","GB.XPD.RSDV.GD.ZS",NA,NA,NA,NA,NA,NA,NA,NA,NA,NA,NA,NA,NA,NA,NA,NA,NA,NA,NA,NA,NA,NA,NA,NA,NA,NA,NA,NA,NA,NA,NA,NA,NA,NA,NA,NA,NA,0.4562,NA,0.60814,NA,0.58684,NA,0.57225,0.55641,0.59753,0.58604,0.60118,NA,NA,NA,0.66712,0.69038,NA,NA
"93","Grenada","GRD","Research and development expenditure (% of GDP)","GB.XPD.RSDV.GD.ZS",NA,NA,NA,NA,NA,NA,NA,NA,NA,NA,NA,NA,NA,NA,NA,NA,NA,NA,NA,NA,NA,NA,NA,NA,NA,NA,NA,NA,NA,NA,NA,NA,NA,NA,NA,NA,NA,NA,NA,NA,NA,NA,NA,NA,NA,NA,NA,NA,NA,NA,NA,NA,NA,NA,NA
"94","Greenland","GRL","Research and development expenditure (% of GDP)","GB.XPD.RSDV.GD.ZS",NA,NA,NA,NA,NA,NA,NA,NA,NA,NA,NA,NA,NA,NA,NA,NA,NA,NA,NA,NA,NA,NA,NA,NA,NA,NA,NA,NA,NA,NA,NA,NA,NA,NA,NA,NA,NA,NA,NA,NA,NA,0.52741,0.55628,0.55517,0.71581,NA,NA,NA,NA,NA,NA,NA,NA,NA,NA
"95","Guatemala","GTM","Research and development expenditure (% of GDP)","GB.XPD.RSDV.GD.ZS",NA,NA,NA,NA,NA,NA,NA,NA,NA,NA,NA,NA,NA,NA,NA,NA,NA,NA,NA,NA,NA,NA,NA,NA,NA,NA,NA,NA,NA,NA,NA,NA,NA,NA,NA,NA,NA,NA,NA,NA,NA,NA,NA,NA,NA,0.035,0.0493,0.06674,0.06188,0.0553,0.0435,0.0481,NA,NA,NA
"96","Guam","GUM","Research and development expenditure (% of GDP)","GB.XPD.RSDV.GD.ZS",NA,NA,NA,NA,NA,NA,NA,NA,NA,NA,NA,NA,NA,NA,NA,NA,NA,NA,NA,NA,NA,NA,NA,NA,NA,NA,NA,NA,NA,NA,NA,NA,NA,NA,NA,NA,NA,NA,NA,NA,NA,NA,NA,NA,NA,NA,NA,NA,NA,NA,NA,NA,NA,NA,NA
"97","Guyana","GUY","Research and development expenditure (% of GDP)","GB.XPD.RSDV.GD.ZS",NA,NA,NA,NA,NA,NA,NA,NA,NA,NA,NA,NA,NA,NA,NA,NA,NA,NA,NA,NA,NA,NA,NA,NA,NA,NA,NA,NA,NA,NA,NA,NA,NA,NA,NA,NA,NA,NA,NA,NA,NA,NA,NA,NA,NA,NA,NA,NA,NA,NA,NA,NA,NA,NA,NA
"98","High income","HIC","Research and development expenditure (% of GDP)","GB.XPD.RSDV.GD.ZS",NA,NA,NA,NA,NA,NA,NA,NA,NA,NA,NA,NA,NA,NA,NA,NA,NA,NA,NA,NA,NA,NA,NA,NA,NA,NA,NA,NA,NA,NA,NA,NA,NA,NA,NA,NA,2.19580093401054,2.22058135589911,2.22899841796909,2.30339568512871,2.36456773638285,2.39672078005316,2.33519848431427,2.30869848235218,2.25579247191077,2.26603421273264,2.28562115951584,2.28663031929529,2.37149631373872,2.45516778874475,2.43817495667014,2.45466148975395,2.32946500726229,NA,NA
"99","Hong Kong SAR, China","HKG","Research and development expenditure (% of GDP)","GB.XPD.RSDV.GD.ZS",NA,NA,NA,NA,NA,NA,NA,NA,NA,NA,NA,NA,NA,NA,NA,NA,NA,NA,NA,NA,NA,NA,NA,NA,NA,NA,NA,NA,NA,NA,NA,NA,NA,NA,NA,NA,NA,NA,0.4283,0.45767,0.46493,0.53645,0.58147,0.68027,0.72176,0.77343,0.79468,0.75161,0.71996,0.77342,0.74927,NA,NA,NA,NA
"100","Honduras","HND","Research and development expenditure (% of GDP)","GB.XPD.RSDV.GD.ZS",NA,NA,NA,NA,NA,NA,NA,NA,NA,NA,NA,NA,NA,NA,NA,NA,NA,NA,NA,NA,NA,NA,NA,NA,NA,NA,NA,NA,NA,NA,NA,NA,NA,NA,NA,NA,NA,NA,NA,NA,0.04453,0.03834,0.04181,0.04215,0.04155,NA,NA,NA,NA,NA,NA,NA,NA,NA,NA
"101","Heavily indebted poor countries (HIPC)","HPC","Research and development expenditure (% of GDP)","GB.XPD.RSDV.GD.ZS",NA,NA,NA,NA,NA,NA,NA,NA,NA,NA,NA,NA,NA,NA,NA,NA,NA,NA,NA,NA,NA,NA,NA,NA,NA,NA,NA,NA,NA,NA,NA,NA,NA,NA,NA,NA,NA,NA,NA,NA,NA,NA,NA,NA,NA,NA,NA,NA,NA,NA,NA,NA,NA,NA,NA
"102","Croatia","HRV","Research and development expenditure (% of GDP)","GB.XPD.RSDV.GD.ZS",NA,NA,NA,NA,NA,NA,NA,NA,NA,NA,NA,NA,NA,NA,NA,NA,NA,NA,NA,NA,NA,NA,NA,NA,NA,NA,NA,NA,NA,NA,NA,NA,NA,NA,NA,NA,NA,NA,NA,0.85166,1.05654,0.92589,0.96075,0.96492,1.04515,0.86694,0.74872,0.80221,0.89513,0.85014,0.75443,0.75787,0.75164,NA,NA
"103","Haiti","HTI","Research and development expenditure (% of GDP)","GB.XPD.RSDV.GD.ZS",NA,NA,NA,NA,NA,NA,NA,NA,NA,NA,NA,NA,NA,NA,NA,NA,NA,NA,NA,NA,NA,NA,NA,NA,NA,NA,NA,NA,NA,NA,NA,NA,NA,NA,NA,NA,NA,NA,NA,NA,NA,NA,NA,NA,NA,NA,NA,NA,NA,NA,NA,NA,NA,NA,NA
"104","Hungary","HUN","Research and development expenditure (% of GDP)","GB.XPD.RSDV.GD.ZS",NA,NA,NA,NA,NA,NA,NA,NA,NA,NA,NA,NA,NA,NA,NA,NA,NA,NA,NA,NA,NA,NA,NA,NA,NA,NA,NA,NA,NA,NA,NA,NA,NA,NA,NA,NA,0.64026,0.71042,0.66745,0.68325,0.80516,0.93092,1.00161,0.93805,0.87842,0.9436,1.00505,0.98309,1.00351,1.16755,1.17003,1.21777,1.29664,NA,NA
"105","Indonesia","IDN","Research and development expenditure (% of GDP)","GB.XPD.RSDV.GD.ZS",NA,NA,NA,NA,NA,NA,NA,NA,NA,NA,NA,NA,NA,NA,NA,NA,NA,NA,NA,NA,NA,NA,NA,NA,NA,NA,NA,NA,NA,NA,NA,NA,NA,NA,NA,NA,NA,NA,NA,NA,0.06769,0.04756,NA,NA,NA,NA,NA,NA,NA,0.08332,NA,NA,NA,NA,NA
"106","Isle of Man","IMN","Research and development expenditure (% of GDP)","GB.XPD.RSDV.GD.ZS",NA,NA,NA,NA,NA,NA,NA,NA,NA,NA,NA,NA,NA,NA,NA,NA,NA,NA,NA,NA,NA,NA,NA,NA,NA,NA,NA,NA,NA,NA,NA,NA,NA,NA,NA,NA,NA,NA,NA,NA,NA,NA,NA,NA,NA,NA,NA,NA,NA,NA,NA,NA,NA,NA,NA
"107","India","IND","Research and development expenditure (% of GDP)","GB.XPD.RSDV.GD.ZS",NA,NA,NA,NA,NA,NA,NA,NA,NA,NA,NA,NA,NA,NA,NA,NA,NA,NA,NA,NA,NA,NA,NA,NA,NA,NA,NA,NA,NA,NA,NA,NA,NA,NA,NA,NA,0.62804,0.67485,0.69166,0.71165,0.74395,0.72323,0.71316,0.70689,0.74385,0.81044,0.79722,0.7908,0.84108,0.81881,0.79718,0.80602,NA,NA,NA
"108","Not classified","INX","Research and development expenditure (% of GDP)","GB.XPD.RSDV.GD.ZS",NA,NA,NA,NA,NA,NA,NA,NA,NA,NA,NA,NA,NA,NA,NA,NA,NA,NA,NA,NA,NA,NA,NA,NA,NA,NA,NA,NA,NA,NA,NA,NA,NA,NA,NA,NA,NA,NA,NA,NA,NA,NA,NA,NA,NA,NA,NA,NA,NA,NA,NA,NA,NA,NA,NA
"109","Ireland","IRL","Research and development expenditure (% of GDP)","GB.XPD.RSDV.GD.ZS",NA,NA,NA,NA,NA,NA,NA,NA,NA,NA,NA,NA,NA,NA,NA,NA,NA,NA,NA,NA,NA,NA,NA,NA,NA,NA,NA,NA,NA,NA,NA,NA,NA,NA,NA,NA,1.29594,1.26694,1.23574,1.17854,1.11308,1.0928,1.0984,1.16386,1.22673,1.24619,1.24844,1.28233,1.44557,1.68566,1.68853,1.65775,1.72382,NA,NA
"110","Iran, Islamic Rep.","IRN","Research and development expenditure (% of GDP)","GB.XPD.RSDV.GD.ZS",NA,NA,NA,NA,NA,NA,NA,NA,NA,NA,NA,NA,NA,NA,NA,NA,NA,NA,NA,NA,NA,NA,NA,NA,NA,NA,NA,NA,NA,NA,NA,NA,NA,NA,NA,NA,NA,NA,NA,NA,NA,0.55195,0.54754,0.67451,0.58742,0.73454,0.66814,NA,0.7488,NA,NA,NA,NA,NA,NA
"111","Iraq","IRQ","Research and development expenditure (% of GDP)","GB.XPD.RSDV.GD.ZS",NA,NA,NA,NA,NA,NA,NA,NA,NA,NA,NA,NA,NA,NA,NA,NA,NA,NA,NA,NA,NA,NA,NA,NA,NA,NA,NA,NA,NA,NA,NA,NA,NA,NA,NA,NA,NA,NA,NA,NA,NA,NA,NA,NA,NA,NA,NA,0.04554,0.03435,0.04562,0.03574,0.03378,NA,NA,NA
"112","Iceland","ISL","Research and development expenditure (% of GDP)","GB.XPD.RSDV.GD.ZS",NA,NA,NA,NA,NA,NA,NA,NA,NA,NA,NA,NA,NA,NA,NA,NA,NA,NA,NA,NA,NA,NA,NA,NA,NA,NA,NA,NA,NA,NA,NA,NA,NA,NA,NA,NA,NA,1.83361,2.00087,2.29628,2.66912,2.95168,2.95144,2.81881,NA,2.77293,2.99208,2.68474,2.64604,2.81985,NA,2.60487,NA,NA,NA
"113","Israel","ISR","Research and development expenditure (% of GDP)","GB.XPD.RSDV.GD.ZS",NA,NA,NA,NA,NA,NA,NA,NA,NA,NA,NA,NA,NA,NA,NA,NA,NA,NA,NA,NA,NA,NA,NA,NA,NA,NA,NA,NA,NA,NA,NA,NA,NA,NA,NA,NA,2.71121,2.96835,3.08146,3.51993,4.16784,4.45105,4.42864,4.16508,4.146,4.30688,4.22459,4.52323,4.40296,4.16801,3.96501,3.97351,3.92627,NA,NA
"114","Italy","ITA","Research and development expenditure (% of GDP)","GB.XPD.RSDV.GD.ZS",NA,NA,NA,NA,NA,NA,NA,NA,NA,NA,NA,NA,NA,NA,NA,NA,NA,NA,NA,NA,NA,NA,NA,NA,NA,NA,NA,NA,NA,NA,NA,NA,NA,NA,NA,NA,0.98032,1.02331,1.04218,1.01624,1.03984,1.08081,1.12142,1.10064,1.09127,1.08598,1.12732,1.17304,1.20578,1.264,1.26458,1.25351,1.26572,NA,NA
"115","Jamaica","JAM","Research and development expenditure (% of GDP)","GB.XPD.RSDV.GD.ZS",NA,NA,NA,NA,NA,NA,NA,NA,NA,NA,NA,NA,NA,NA,NA,NA,NA,NA,NA,NA,NA,NA,NA,NA,NA,NA,NA,NA,NA,NA,NA,NA,NA,NA,NA,NA,NA,NA,NA,NA,NA,0.04959,0.06096,NA,NA,NA,NA,NA,NA,NA,NA,NA,NA,NA,NA
"116","Jordan","JOR","Research and development expenditure (% of GDP)","GB.XPD.RSDV.GD.ZS",NA,NA,NA,NA,NA,NA,NA,NA,NA,NA,NA,NA,NA,NA,NA,NA,NA,NA,NA,NA,NA,NA,NA,NA,NA,NA,NA,NA,NA,NA,NA,NA,NA,NA,NA,NA,NA,NA,NA,NA,NA,NA,0.33696,NA,NA,NA,NA,NA,0.4347,NA,NA,NA,NA,NA,NA
"117","Japan","JPN","Research and development expenditure (% of GDP)","GB.XPD.RSDV.GD.ZS",NA,NA,NA,NA,NA,NA,NA,NA,NA,NA,NA,NA,NA,NA,NA,NA,NA,NA,NA,NA,NA,NA,NA,NA,NA,NA,NA,NA,NA,NA,NA,NA,NA,NA,NA,NA,2.76501,2.82761,2.9602,2.97734,3.00169,3.07448,3.11562,3.14388,3.1332,3.3087,3.4091,3.46142,3.46706,3.35734,3.25394,3.38807,NA,NA,NA
"118","Kazakhstan","KAZ","Research and development expenditure (% of GDP)","GB.XPD.RSDV.GD.ZS",NA,NA,NA,NA,NA,NA,NA,NA,NA,NA,NA,NA,NA,NA,NA,NA,NA,NA,NA,NA,NA,NA,NA,NA,NA,NA,NA,NA,NA,NA,NA,NA,NA,NA,NA,NA,NA,0.29337,0.22039,0.18383,0.18104,0.22009,0.25509,0.25246,0.24837,0.28361,0.24281,0.20884,0.21654,0.22924,0.15341,0.15723,NA,NA,NA
"119","Kenya","KEN","Research and development expenditure (% of GDP)","GB.XPD.RSDV.GD.ZS",NA,NA,NA,NA,NA,NA,NA,NA,NA,NA,NA,NA,NA,NA,NA,NA,NA,NA,NA,NA,NA,NA,NA,NA,NA,NA,NA,NA,NA,NA,NA,NA,NA,NA,NA,NA,NA,NA,NA,NA,NA,NA,NA,NA,NA,NA,NA,0.41679,NA,NA,0.97617,NA,NA,NA,NA
"120","Kyrgyz Republic","KGZ","Research and development expenditure (% of GDP)","GB.XPD.RSDV.GD.ZS",NA,NA,NA,NA,NA,NA,NA,NA,NA,NA,NA,NA,NA,NA,NA,NA,NA,NA,NA,NA,NA,NA,NA,NA,NA,NA,NA,NA,NA,NA,NA,NA,NA,NA,NA,NA,NA,0.1939,0.21064,0.17992,0.15637,0.17189,0.1981,0.22272,0.19926,0.19861,0.23014,0.23425,0.19017,0.15997,0.15547,0.15633,NA,NA,NA
"121","Cambodia","KHM","Research and development expenditure (% of GDP)","GB.XPD.RSDV.GD.ZS",NA,NA,NA,NA,NA,NA,NA,NA,NA,NA,NA,NA,NA,NA,NA,NA,NA,NA,NA,NA,NA,NA,NA,NA,NA,NA,NA,NA,NA,NA,NA,NA,NA,NA,NA,NA,NA,NA,NA,NA,NA,NA,0.0498,NA,NA,NA,NA,NA,NA,NA,NA,NA,NA,NA,NA
"122","Kiribati","KIR","Research and development expenditure (% of GDP)","GB.XPD.RSDV.GD.ZS",NA,NA,NA,NA,NA,NA,NA,NA,NA,NA,NA,NA,NA,NA,NA,NA,NA,NA,NA,NA,NA,NA,NA,NA,NA,NA,NA,NA,NA,NA,NA,NA,NA,NA,NA,NA,NA,NA,NA,NA,NA,NA,NA,NA,NA,NA,NA,NA,NA,NA,NA,NA,NA,NA,NA
"123","St. Kitts and Nevis","KNA","Research and development expenditure (% of GDP)","GB.XPD.RSDV.GD.ZS",NA,NA,NA,NA,NA,NA,NA,NA,NA,NA,NA,NA,NA,NA,NA,NA,NA,NA,NA,NA,NA,NA,NA,NA,NA,NA,NA,NA,NA,NA,NA,NA,NA,NA,NA,NA,NA,NA,NA,NA,NA,NA,NA,NA,NA,NA,NA,NA,NA,NA,NA,NA,NA,NA,NA
"124","Korea, Rep.","KOR","Research and development expenditure (% of GDP)","GB.XPD.RSDV.GD.ZS",NA,NA,NA,NA,NA,NA,NA,NA,NA,NA,NA,NA,NA,NA,NA,NA,NA,NA,NA,NA,NA,NA,NA,NA,NA,NA,NA,NA,NA,NA,NA,NA,NA,NA,NA,NA,2.42491,2.48115,2.34178,2.25151,2.2957,2.47316,2.40446,2.48577,2.68298,2.79176,3.00918,3.21035,3.3609,3.56124,3.73781,4.03919,NA,NA,NA
"125","Kosovo","KSV","Research and development expenditure (% of GDP)","GB.XPD.RSDV.GD.ZS",NA,NA,NA,NA,NA,NA,NA,NA,NA,NA,NA,NA,NA,NA,NA,NA,NA,NA,NA,NA,NA,NA,NA,NA,NA,NA,NA,NA,NA,NA,NA,NA,NA,NA,NA,NA,NA,NA,NA,NA,NA,NA,NA,NA,NA,NA,NA,NA,NA,NA,NA,NA,NA,NA,NA
"126","Kuwait","KWT","Research and development expenditure (% of GDP)","GB.XPD.RSDV.GD.ZS",NA,NA,NA,NA,NA,NA,NA,NA,NA,NA,NA,NA,NA,NA,NA,NA,NA,NA,NA,NA,NA,NA,NA,NA,NA,NA,NA,NA,NA,NA,NA,NA,NA,NA,NA,NA,NA,0.20539,0.25795,0.19764,0.12543,0.17882,0.18001,0.14347,0.1301,0.10083,0.08478,0.08585,0.0855,0.1122,0.09759,0.09494,NA,NA,NA
"127","Latin America & Caribbean (developing only)","LAC","Research and development expenditure (% of GDP)","GB.XPD.RSDV.GD.ZS",NA,NA,NA,NA,NA,NA,NA,NA,NA,NA,NA,NA,NA,NA,NA,NA,NA,NA,NA,NA,NA,NA,NA,NA,NA,NA,NA,NA,NA,NA,NA,NA,NA,NA,NA,NA,NA,NA,NA,NA,0.561843973560786,0.540171229176205,0.532768724903911,0.545446876682493,0.550805971375182,0.613686380667013,0.624554691137519,0.675632799379132,0.713534168994106,0.785190961037609,0.814507019956117,0.835044886048849,NA,NA,NA
"128","Lao PDR","LAO","Research and development expenditure (% of GDP)","GB.XPD.RSDV.GD.ZS",NA,NA,NA,NA,NA,NA,NA,NA,NA,NA,NA,NA,NA,NA,NA,NA,NA,NA,NA,NA,NA,NA,NA,NA,NA,NA,NA,NA,NA,NA,NA,NA,NA,NA,NA,NA,NA,NA,NA,NA,NA,NA,0.0371,NA,NA,NA,NA,NA,NA,NA,NA,NA,NA,NA,NA
"129","Lebanon","LBN","Research and development expenditure (% of GDP)","GB.XPD.RSDV.GD.ZS",NA,NA,NA,NA,NA,NA,NA,NA,NA,NA,NA,NA,NA,NA,NA,NA,NA,NA,NA,NA,NA,NA,NA,NA,NA,NA,NA,NA,NA,NA,NA,NA,NA,NA,NA,NA,NA,NA,NA,NA,NA,NA,NA,NA,NA,NA,NA,NA,NA,NA,NA,NA,NA,NA,NA
"130","Liberia","LBR","Research and development expenditure (% of GDP)","GB.XPD.RSDV.GD.ZS",NA,NA,NA,NA,NA,NA,NA,NA,NA,NA,NA,NA,NA,NA,NA,NA,NA,NA,NA,NA,NA,NA,NA,NA,NA,NA,NA,NA,NA,NA,NA,NA,NA,NA,NA,NA,NA,NA,NA,NA,NA,NA,NA,NA,NA,NA,NA,NA,NA,NA,NA,NA,NA,NA,NA
"131","Libya","LBY","Research and development expenditure (% of GDP)","GB.XPD.RSDV.GD.ZS",NA,NA,NA,NA,NA,NA,NA,NA,NA,NA,NA,NA,NA,NA,NA,NA,NA,NA,NA,NA,NA,NA,NA,NA,NA,NA,NA,NA,NA,NA,NA,NA,NA,NA,NA,NA,NA,NA,NA,NA,NA,NA,NA,NA,NA,NA,NA,NA,NA,NA,NA,NA,NA,NA,NA
"132","St. Lucia","LCA","Research and development expenditure (% of GDP)","GB.XPD.RSDV.GD.ZS",NA,NA,NA,NA,NA,NA,NA,NA,NA,NA,NA,NA,NA,NA,NA,NA,NA,NA,NA,NA,NA,NA,NA,NA,NA,NA,NA,NA,NA,NA,NA,NA,NA,NA,NA,NA,NA,NA,0.76588,0.3644,NA,NA,NA,NA,NA,NA,NA,NA,NA,NA,NA,NA,NA,NA,NA
"133","Latin America & Caribbean (all income levels)","LCN","Research and development expenditure (% of GDP)","GB.XPD.RSDV.GD.ZS",NA,NA,NA,NA,NA,NA,NA,NA,NA,NA,NA,NA,NA,NA,NA,NA,NA,NA,NA,NA,NA,NA,NA,NA,NA,NA,NA,NA,NA,NA,NA,NA,NA,NA,NA,NA,NA,NA,NA,NA,0.555826653818667,0.538169599959867,0.528152938259572,0.542590347034508,0.547851511264333,0.60993357794391,0.618717110882125,0.650941603316309,0.690242459875952,0.752910507805327,0.78777384579453,0.827185892771984,NA,NA,NA
"134","Latin America and the Caribbean","LCR","Research and development expenditure (% of GDP)","GB.XPD.RSDV.GD.ZS",NA,NA,NA,NA,NA,NA,NA,NA,NA,NA,NA,NA,NA,NA,NA,NA,NA,NA,NA,NA,NA,NA,NA,NA,NA,NA,NA,NA,NA,NA,NA,NA,NA,NA,NA,NA,NA,NA,NA,NA,NA,NA,NA,NA,NA,NA,NA,NA,NA,NA,NA,NA,NA,NA,NA
"135","Least developed countries: UN classification","LDC","Research and development expenditure (% of GDP)","GB.XPD.RSDV.GD.ZS",NA,NA,NA,NA,NA,NA,NA,NA,NA,NA,NA,NA,NA,NA,NA,NA,NA,NA,NA,NA,NA,NA,NA,NA,NA,NA,NA,NA,NA,NA,NA,NA,NA,NA,NA,NA,NA,NA,NA,NA,NA,NA,NA,NA,NA,NA,NA,NA,NA,NA,NA,NA,NA,NA,NA
"136","Low income","LIC","Research and development expenditure (% of GDP)","GB.XPD.RSDV.GD.ZS",NA,NA,NA,NA,NA,NA,NA,NA,NA,NA,NA,NA,NA,NA,NA,NA,NA,NA,NA,NA,NA,NA,NA,NA,NA,NA,NA,NA,NA,NA,NA,NA,NA,NA,NA,NA,NA,NA,NA,NA,NA,NA,NA,NA,NA,NA,NA,NA,NA,NA,NA,NA,NA,NA,NA
"137","Liechtenstein","LIE","Research and development expenditure (% of GDP)","GB.XPD.RSDV.GD.ZS",NA,NA,NA,NA,NA,NA,NA,NA,NA,NA,NA,NA,NA,NA,NA,NA,NA,NA,NA,NA,NA,NA,NA,NA,NA,NA,NA,NA,NA,NA,NA,NA,NA,NA,NA,NA,NA,NA,NA,NA,NA,NA,NA,NA,NA,NA,NA,NA,NA,NA,NA,NA,NA,NA,NA
"138","Sri Lanka","LKA","Research and development expenditure (% of GDP)","GB.XPD.RSDV.GD.ZS",NA,NA,NA,NA,NA,NA,NA,NA,NA,NA,NA,NA,NA,NA,NA,NA,NA,NA,NA,NA,NA,NA,NA,NA,NA,NA,NA,NA,NA,NA,NA,NA,NA,NA,NA,NA,0.18356,NA,NA,NA,0.14392,NA,NA,NA,0.1821,NA,0.1742,NA,0.11444,NA,0.15664,NA,NA,NA,NA
"139","Lower middle income","LMC","Research and development expenditure (% of GDP)","GB.XPD.RSDV.GD.ZS",NA,NA,NA,NA,NA,NA,NA,NA,NA,NA,NA,NA,NA,NA,NA,NA,NA,NA,NA,NA,NA,NA,NA,NA,NA,NA,NA,NA,NA,NA,NA,NA,NA,NA,NA,NA,NA,NA,NA,NA,0.486508778720012,NA,NA,NA,NA,NA,NA,0.624722999621443,NA,0.563634091430391,NA,NA,NA,NA,NA
"140","Low & middle income","LMY","Research and development expenditure (% of GDP)","GB.XPD.RSDV.GD.ZS",NA,NA,NA,NA,NA,NA,NA,NA,NA,NA,NA,NA,NA,NA,NA,NA,NA,NA,NA,NA,NA,NA,NA,NA,NA,NA,NA,NA,NA,NA,NA,NA,NA,NA,NA,NA,NA,NA,NA,NA,0.620718277339205,0.649146045182093,0.699530779349829,0.742344959818028,0.778865844324335,0.833212997633338,0.877187991696814,0.8865278184989,0.979969216143965,1.07992163611221,1.16582219229493,1.24140866102875,NA,NA,NA
"141","Lesotho","LSO","Research and development expenditure (% of GDP)","GB.XPD.RSDV.GD.ZS",NA,NA,NA,NA,NA,NA,NA,NA,NA,NA,NA,NA,NA,NA,NA,NA,NA,NA,NA,NA,NA,NA,NA,NA,NA,NA,NA,NA,NA,NA,NA,NA,NA,NA,NA,NA,NA,NA,NA,NA,NA,NA,0.04943,0.05131,0.06773,NA,NA,NA,NA,0.02951,NA,0.01283,NA,NA,NA
"142","Lithuania","LTU","Research and development expenditure (% of GDP)","GB.XPD.RSDV.GD.ZS",NA,NA,NA,NA,NA,NA,NA,NA,NA,NA,NA,NA,NA,NA,NA,NA,NA,NA,NA,NA,NA,NA,NA,NA,NA,NA,NA,NA,NA,NA,NA,NA,NA,NA,NA,NA,0.48914,0.53615,0.54312,0.50208,0.59018,0.67192,0.66199,0.6703,0.75393,0.75215,0.79451,0.81393,0.79842,0.84304,0.80127,0.91765,0.90166,NA,NA
"143","Luxembourg","LUX","Research and development expenditure (% of GDP)","GB.XPD.RSDV.GD.ZS",NA,NA,NA,NA,NA,NA,NA,NA,NA,NA,NA,NA,NA,NA,NA,NA,NA,NA,NA,NA,NA,NA,NA,NA,NA,NA,NA,NA,NA,NA,NA,NA,NA,NA,NA,NA,NA,NA,NA,NA,1.65421,NA,NA,1.64898,1.63129,1.55933,1.66155,1.57773,1.65581,1.74357,1.50524,1.41434,1.44066,NA,NA
"144","Latvia","LVA","Research and development expenditure (% of GDP)","GB.XPD.RSDV.GD.ZS",NA,NA,NA,NA,NA,NA,NA,NA,NA,NA,NA,NA,NA,NA,NA,NA,NA,NA,NA,NA,NA,NA,NA,NA,NA,NA,NA,NA,NA,NA,NA,NA,NA,NA,NA,NA,0.42456,0.38985,0.41072,0.36366,0.44182,0.40499,0.41905,0.37808,0.41792,0.55865,0.69999,0.59493,0.61464,0.45785,0.60459,0.69631,0.65851,NA,NA
"145","Macao SAR, China","MAC","Research and development expenditure (% of GDP)","GB.XPD.RSDV.GD.ZS",NA,NA,NA,NA,NA,NA,NA,NA,NA,NA,NA,NA,NA,NA,NA,NA,NA,NA,NA,NA,NA,NA,NA,NA,NA,NA,NA,NA,NA,NA,NA,NA,NA,NA,NA,NA,NA,NA,NA,NA,NA,0.06554,0.07318,0.06496,0.05545,0.09033,0.08463,0.05806,0.1025,0.05954,0.05172,0.04376,NA,NA,NA
"146","St. Martin (French part)","MAF","Research and development expenditure (% of GDP)","GB.XPD.RSDV.GD.ZS",NA,NA,NA,NA,NA,NA,NA,NA,NA,NA,NA,NA,NA,NA,NA,NA,NA,NA,NA,NA,NA,NA,NA,NA,NA,NA,NA,NA,NA,NA,NA,NA,NA,NA,NA,NA,NA,NA,NA,NA,NA,NA,NA,NA,NA,NA,NA,NA,NA,NA,NA,NA,NA,NA,NA
"147","Morocco","MAR","Research and development expenditure (% of GDP)","GB.XPD.RSDV.GD.ZS",NA,NA,NA,NA,NA,NA,NA,NA,NA,NA,NA,NA,NA,NA,NA,NA,NA,NA,NA,NA,NA,NA,NA,NA,NA,NA,NA,NA,NA,NA,NA,NA,NA,NA,NA,NA,NA,NA,0.2856,NA,NA,0.63473,0.54955,0.65909,NA,NA,0.63568,NA,NA,NA,0.7338,NA,NA,NA,NA
"148","Mexico and Central America","MCA","Research and development expenditure (% of GDP)","GB.XPD.RSDV.GD.ZS",NA,NA,NA,NA,NA,NA,NA,NA,NA,NA,NA,NA,NA,NA,NA,NA,NA,NA,NA,NA,NA,NA,NA,NA,NA,NA,NA,NA,NA,NA,NA,NA,NA,NA,NA,NA,NA,NA,NA,NA,NA,NA,NA,NA,NA,NA,NA,NA,NA,NA,NA,NA,NA,NA,NA
"149","Monaco","MCO","Research and development expenditure (% of GDP)","GB.XPD.RSDV.GD.ZS",NA,NA,NA,NA,NA,NA,NA,NA,NA,NA,NA,NA,NA,NA,NA,NA,NA,NA,NA,NA,NA,NA,NA,NA,NA,NA,NA,NA,NA,NA,NA,NA,NA,NA,NA,NA,NA,NA,NA,NA,NA,NA,NA,NA,0.03719,0.03752,NA,NA,NA,NA,NA,NA,NA,NA,NA
"150","Moldova","MDA","Research and development expenditure (% of GDP)","GB.XPD.RSDV.GD.ZS",NA,NA,NA,NA,NA,NA,NA,NA,NA,NA,NA,NA,NA,NA,NA,NA,NA,NA,NA,NA,NA,NA,NA,NA,NA,NA,NA,NA,NA,NA,NA,NA,NA,NA,NA,NA,0.87295,0.80679,NA,NA,NA,NA,NA,0.32405,0.34903,0.39865,0.40622,0.54558,0.53463,0.52557,0.43987,0.40499,NA,NA,NA
"151","Madagascar","MDG","Research and development expenditure (% of GDP)","GB.XPD.RSDV.GD.ZS",NA,NA,NA,NA,NA,NA,NA,NA,NA,NA,NA,NA,NA,NA,NA,NA,NA,NA,NA,NA,NA,NA,NA,NA,NA,NA,NA,NA,NA,NA,NA,NA,NA,NA,NA,NA,NA,0.22032,0.11044,0.096,0.11976,0.21821,0.24552,0.33841,0.22353,0.17555,0.16373,0.14037,0.1343,0.14616,0.11187,0.10567,NA,NA,NA
"152","Maldives","MDV","Research and development expenditure (% of GDP)","GB.XPD.RSDV.GD.ZS",NA,NA,NA,NA,NA,NA,NA,NA,NA,NA,NA,NA,NA,NA,NA,NA,NA,NA,NA,NA,NA,NA,NA,NA,NA,NA,NA,NA,NA,NA,NA,NA,NA,NA,NA,NA,NA,NA,NA,NA,NA,NA,NA,NA,NA,NA,NA,NA,NA,NA,NA,NA,NA,NA,NA
"153","Middle East & North Africa (all income levels)","MEA","Research and development expenditure (% of GDP)","GB.XPD.RSDV.GD.ZS",NA,NA,NA,NA,NA,NA,NA,NA,NA,NA,NA,NA,NA,NA,NA,NA,NA,NA,NA,NA,NA,NA,NA,NA,NA,NA,NA,NA,NA,NA,NA,NA,NA,NA,NA,NA,NA,NA,NA,NA,NA,NA,NA,NA,NA,NA,NA,NA,NA,NA,NA,NA,NA,NA,NA
"154","Mexico","MEX","Research and development expenditure (% of GDP)","GB.XPD.RSDV.GD.ZS",NA,NA,NA,NA,NA,NA,NA,NA,NA,NA,NA,NA,NA,NA,NA,NA,NA,NA,NA,NA,NA,NA,NA,NA,NA,NA,NA,NA,NA,NA,NA,NA,NA,NA,NA,NA,0.25641,0.28425,0.31297,0.35204,0.31309,0.33445,0.37724,0.38416,0.39189,0.40176,0.37266,0.36836,0.40383,0.43064,0.45592,0.42869,NA,NA,NA
"155","Marshall Islands","MHL","Research and development expenditure (% of GDP)","GB.XPD.RSDV.GD.ZS",NA,NA,NA,NA,NA,NA,NA,NA,NA,NA,NA,NA,NA,NA,NA,NA,NA,NA,NA,NA,NA,NA,NA,NA,NA,NA,NA,NA,NA,NA,NA,NA,NA,NA,NA,NA,NA,NA,NA,NA,NA,NA,NA,NA,NA,NA,NA,NA,NA,NA,NA,NA,NA,NA,NA
"156","Middle income","MIC","Research and development expenditure (% of GDP)","GB.XPD.RSDV.GD.ZS",NA,NA,NA,NA,NA,NA,NA,NA,NA,NA,NA,NA,NA,NA,NA,NA,NA,NA,NA,NA,NA,NA,NA,NA,NA,NA,NA,NA,NA,NA,NA,NA,NA,NA,NA,NA,NA,NA,NA,NA,0.621138971551662,0.649950930581243,0.701540659867892,0.743928445395629,0.781156622447279,0.837422289673007,0.880172326480417,0.89315948712527,0.985337840967882,1.08464084352537,1.17294373301616,1.2427428381069,NA,NA,NA
"157","Macedonia, FYR","MKD","Research and development expenditure (% of GDP)","GB.XPD.RSDV.GD.ZS",NA,NA,NA,NA,NA,NA,NA,NA,NA,NA,NA,NA,NA,NA,NA,NA,NA,NA,NA,NA,NA,NA,NA,NA,NA,NA,NA,NA,NA,NA,NA,NA,NA,NA,NA,NA,NA,0.37773,0.4296,0.3451,0.44059,0.31635,0.25926,0.21906,0.23947,0.23861,0.20268,0.17463,0.2253,0.19865,0.21793,NA,NA,NA,NA
"158","Mali","MLI","Research and development expenditure (% of GDP)","GB.XPD.RSDV.GD.ZS",NA,NA,NA,NA,NA,NA,NA,NA,NA,NA,NA,NA,NA,NA,NA,NA,NA,NA,NA,NA,NA,NA,NA,NA,NA,NA,NA,NA,NA,NA,NA,NA,NA,NA,NA,NA,NA,NA,NA,NA,NA,NA,NA,NA,NA,NA,NA,0.24915,NA,NA,0.66142,NA,NA,NA,NA
"159","Malta","MLT","Research and development expenditure (% of GDP)","GB.XPD.RSDV.GD.ZS",NA,NA,NA,NA,NA,NA,NA,NA,NA,NA,NA,NA,NA,NA,NA,NA,NA,NA,NA,NA,NA,NA,NA,NA,NA,NA,NA,NA,NA,NA,NA,NA,NA,NA,NA,NA,NA,NA,NA,NA,NA,NA,0.26036,0.25267,0.52912,0.5657,0.61592,0.57891,0.55969,0.54476,0.68136,0.72059,0.84241,NA,NA
"160","Myanmar","MMR","Research and development expenditure (% of GDP)","GB.XPD.RSDV.GD.ZS",NA,NA,NA,NA,NA,NA,NA,NA,NA,NA,NA,NA,NA,NA,NA,NA,NA,NA,NA,NA,NA,NA,NA,NA,NA,NA,NA,NA,NA,NA,NA,NA,NA,NA,NA,NA,NA,0.05985,0.03417,0.04406,0.11306,0.07144,0.16216,NA,NA,NA,NA,NA,NA,NA,NA,NA,NA,NA,NA
"161","Middle East & North Africa (developing only)","MNA","Research and development expenditure (% of GDP)","GB.XPD.RSDV.GD.ZS",NA,NA,NA,NA,NA,NA,NA,NA,NA,NA,NA,NA,NA,NA,NA,NA,NA,NA,NA,NA,NA,NA,NA,NA,NA,NA,NA,NA,NA,NA,NA,NA,NA,NA,NA,NA,NA,NA,NA,NA,NA,NA,NA,NA,NA,NA,NA,NA,NA,NA,NA,NA,NA,NA,NA
"162","Montenegro","MNE","Research and development expenditure (% of GDP)","GB.XPD.RSDV.GD.ZS",NA,NA,NA,NA,NA,NA,NA,NA,NA,NA,NA,NA,NA,NA,NA,NA,NA,NA,NA,NA,NA,NA,NA,NA,NA,NA,NA,NA,NA,NA,NA,NA,NA,NA,NA,NA,NA,NA,NA,NA,NA,NA,NA,0.79774,1.01872,0.92443,1.24172,1.14891,NA,NA,NA,0.40864,NA,NA,NA
"163","Mongolia","MNG","Research and development expenditure (% of GDP)","GB.XPD.RSDV.GD.ZS",NA,NA,NA,NA,NA,NA,NA,NA,NA,NA,NA,NA,NA,NA,NA,NA,NA,NA,NA,NA,NA,NA,NA,NA,NA,NA,NA,NA,NA,NA,NA,NA,NA,NA,NA,NA,NA,0.16786,0.16643,0.15016,0.18757,0.26749,0.25173,0.2518,0.26777,0.23776,0.19121,0.23827,0.33667,0.30478,0.28335,0.27392,NA,NA,NA
"164","Northern Mariana Islands","MNP","Research and development expenditure (% of GDP)","GB.XPD.RSDV.GD.ZS",NA,NA,NA,NA,NA,NA,NA,NA,NA,NA,NA,NA,NA,NA,NA,NA,NA,NA,NA,NA,NA,NA,NA,NA,NA,NA,NA,NA,NA,NA,NA,NA,NA,NA,NA,NA,NA,NA,NA,NA,NA,NA,NA,NA,NA,NA,NA,NA,NA,NA,NA,NA,NA,NA,NA
"165","Mozambique","MOZ","Research and development expenditure (% of GDP)","GB.XPD.RSDV.GD.ZS",NA,NA,NA,NA,NA,NA,NA,NA,NA,NA,NA,NA,NA,NA,NA,NA,NA,NA,NA,NA,NA,NA,NA,NA,NA,NA,NA,NA,NA,NA,NA,NA,NA,NA,NA,NA,NA,NA,NA,NA,NA,NA,0.50421,NA,NA,NA,0.53299,NA,0.17774,NA,0.4626,NA,NA,NA,NA
"166","Mauritania","MRT","Research and development expenditure (% of GDP)","GB.XPD.RSDV.GD.ZS",NA,NA,NA,NA,NA,NA,NA,NA,NA,NA,NA,NA,NA,NA,NA,NA,NA,NA,NA,NA,NA,NA,NA,NA,NA,NA,NA,NA,NA,NA,NA,NA,NA,NA,NA,NA,NA,NA,NA,NA,NA,NA,NA,NA,NA,NA,NA,NA,NA,NA,NA,NA,NA,NA,NA
"167","Mauritius","MUS","Research and development expenditure (% of GDP)","GB.XPD.RSDV.GD.ZS",NA,NA,NA,NA,NA,NA,NA,NA,NA,NA,NA,NA,NA,NA,NA,NA,NA,NA,NA,NA,NA,NA,NA,NA,NA,NA,NA,NA,NA,NA,NA,NA,NA,NA,NA,NA,NA,0.27899,0.26178,0.31388,0.28903,0.36873,0.37377,0.33806,0.37932,0.37229,NA,NA,NA,NA,NA,NA,NA,NA,NA
"168","Malawi","MWI","Research and development expenditure (% of GDP)","GB.XPD.RSDV.GD.ZS",NA,NA,NA,NA,NA,NA,NA,NA,NA,NA,NA,NA,NA,NA,NA,NA,NA,NA,NA,NA,NA,NA,NA,NA,NA,NA,NA,NA,NA,NA,NA,NA,NA,NA,NA,NA,NA,NA,NA,NA,NA,NA,NA,NA,NA,NA,NA,NA,NA,NA,NA,NA,NA,NA,NA
"169","Malaysia","MYS","Research and development expenditure (% of GDP)","GB.XPD.RSDV.GD.ZS",NA,NA,NA,NA,NA,NA,NA,NA,NA,NA,NA,NA,NA,NA,NA,NA,NA,NA,NA,NA,NA,NA,NA,NA,NA,NA,NA,NA,NA,NA,NA,NA,NA,NA,NA,NA,0.21645,NA,0.39789,NA,0.469,NA,0.65254,NA,0.5999,NA,0.61106,NA,0.78847,1.01001,1.0674,1.06529,NA,NA,NA
"170","North America","NAC","Research and development expenditure (% of GDP)","GB.XPD.RSDV.GD.ZS",NA,NA,NA,NA,NA,NA,NA,NA,NA,NA,NA,NA,NA,NA,NA,NA,NA,NA,NA,NA,NA,NA,NA,NA,NA,NA,NA,NA,NA,NA,NA,NA,NA,NA,NA,NA,2.38500318707682,2.4130230794578,2.44880000398078,2.49181239896127,2.57165703920875,2.60199637226824,2.51649278300631,2.51549557277596,2.45714175869118,2.46763139574027,2.50257483774634,2.56491862505274,2.68511717920463,2.74161084350116,2.65189639416219,2.66143345051771,2.68469594471519,NA,NA
"171","Namibia","NAM","Research and development expenditure (% of GDP)","GB.XPD.RSDV.GD.ZS",NA,NA,NA,NA,NA,NA,NA,NA,NA,NA,NA,NA,NA,NA,NA,NA,NA,NA,NA,NA,NA,NA,NA,NA,NA,NA,NA,NA,NA,NA,NA,NA,NA,NA,NA,NA,NA,NA,NA,NA,NA,NA,NA,NA,NA,NA,NA,NA,NA,NA,0.14441,NA,NA,NA,NA
"172","New Caledonia","NCL","Research and development expenditure (% of GDP)","GB.XPD.RSDV.GD.ZS",NA,NA,NA,NA,NA,NA,NA,NA,NA,NA,NA,NA,NA,NA,NA,NA,NA,NA,NA,NA,NA,NA,NA,NA,NA,NA,NA,NA,NA,NA,NA,NA,NA,NA,NA,NA,NA,NA,NA,NA,NA,NA,NA,NA,NA,NA,NA,NA,NA,NA,NA,NA,NA,NA,NA
"173","Niger","NER","Research and development expenditure (% of GDP)","GB.XPD.RSDV.GD.ZS",NA,NA,NA,NA,NA,NA,NA,NA,NA,NA,NA,NA,NA,NA,NA,NA,NA,NA,NA,NA,NA,NA,NA,NA,NA,NA,NA,NA,NA,NA,NA,NA,NA,NA,NA,NA,NA,NA,NA,NA,NA,NA,NA,NA,NA,NA,NA,NA,NA,NA,NA,NA,NA,NA,NA
"174","Nigeria","NGA","Research and development expenditure (% of GDP)","GB.XPD.RSDV.GD.ZS",NA,NA,NA,NA,NA,NA,NA,NA,NA,NA,NA,NA,NA,NA,NA,NA,NA,NA,NA,NA,NA,NA,NA,NA,NA,NA,NA,NA,NA,NA,NA,NA,NA,NA,NA,NA,NA,NA,NA,NA,NA,NA,NA,NA,NA,NA,NA,0.21896,NA,NA,NA,NA,NA,NA,NA
"175","Nicaragua","NIC","Research and development expenditure (% of GDP)","GB.XPD.RSDV.GD.ZS",NA,NA,NA,NA,NA,NA,NA,NA,NA,NA,NA,NA,NA,NA,NA,NA,NA,NA,NA,NA,NA,NA,NA,NA,NA,NA,NA,NA,NA,NA,NA,NA,NA,NA,NA,NA,NA,0.0651,NA,NA,NA,NA,0.03493,NA,NA,NA,NA,NA,NA,NA,NA,NA,NA,NA,NA
"176","Netherlands","NLD","Research and development expenditure (% of GDP)","GB.XPD.RSDV.GD.ZS",NA,NA,NA,NA,NA,NA,NA,NA,NA,NA,NA,NA,NA,NA,NA,NA,NA,NA,NA,NA,NA,NA,NA,NA,NA,NA,NA,NA,NA,NA,NA,NA,NA,NA,NA,NA,1.98411,1.98928,1.89505,1.97984,1.93559,1.93308,1.88021,1.91804,1.92779,1.90336,1.88351,1.80876,1.76658,1.81566,1.8562,2.02672,2.15676,NA,NA
"177","High income: nonOECD","NOC","Research and development expenditure (% of GDP)","GB.XPD.RSDV.GD.ZS",NA,NA,NA,NA,NA,NA,NA,NA,NA,NA,NA,NA,NA,NA,NA,NA,NA,NA,NA,NA,NA,NA,NA,NA,NA,NA,NA,NA,NA,NA,NA,NA,NA,NA,NA,NA,NA,NA,NA,NA,NA,NA,NA,NA,NA,0.824040861490107,0.833777841618674,0.893529389976404,0.860703994906492,0.938020801179851,NA,NA,NA,NA,NA
"178","Norway","NOR","Research and development expenditure (% of GDP)","GB.XPD.RSDV.GD.ZS",NA,NA,NA,NA,NA,NA,NA,NA,NA,NA,NA,NA,NA,NA,NA,NA,NA,NA,NA,NA,NA,NA,NA,NA,NA,NA,NA,NA,NA,NA,NA,NA,NA,NA,NA,NA,NA,1.62505,NA,1.63804,NA,1.59047,1.66024,1.70929,1.57077,1.50591,1.47902,1.59424,1.58313,1.75813,1.68061,1.65191,1.65474,NA,NA
"179","Nepal","NPL","Research and development expenditure (% of GDP)","GB.XPD.RSDV.GD.ZS",NA,NA,NA,NA,NA,NA,NA,NA,NA,NA,NA,NA,NA,NA,NA,NA,NA,NA,NA,NA,NA,NA,NA,NA,NA,NA,NA,NA,NA,NA,NA,NA,NA,NA,NA,NA,NA,NA,NA,NA,NA,NA,NA,NA,NA,NA,NA,NA,0.05439,0.25924,0.3022,NA,NA,NA,NA
"180","New Zealand","NZL","Research and development expenditure (% of GDP)","GB.XPD.RSDV.GD.ZS",NA,NA,NA,NA,NA,NA,NA,NA,NA,NA,NA,NA,NA,NA,NA,NA,NA,NA,NA,NA,NA,NA,NA,NA,NA,NA,NA,NA,NA,NA,NA,NA,NA,NA,NA,NA,NA,1.06669,NA,0.97416,NA,1.11265,NA,1.15985,NA,1.12939,NA,1.17448,NA,1.28243,NA,1.2709,NA,NA,NA
"181","High income: OECD","OEC","Research and development expenditure (% of GDP)","GB.XPD.RSDV.GD.ZS",NA,NA,NA,NA,NA,NA,NA,NA,NA,NA,NA,NA,NA,NA,NA,NA,NA,NA,NA,NA,NA,NA,NA,NA,NA,NA,NA,NA,NA,NA,NA,NA,NA,NA,NA,NA,2.22283019848583,2.25112262344495,2.26597395776507,2.33660036988518,2.40269263422722,2.43400100143727,2.37234282841136,2.3606943952804,2.31180107769127,2.33532548132171,2.36537788586182,2.3743071179813,2.47975048227254,2.55415944537448,2.51730551165367,2.55867566277236,2.4084817251144,NA,NA
"182","OECD members","OED","Research and development expenditure (% of GDP)","GB.XPD.RSDV.GD.ZS",NA,NA,NA,NA,NA,NA,NA,NA,NA,NA,NA,NA,NA,NA,NA,NA,NA,NA,NA,NA,NA,NA,NA,NA,NA,NA,NA,NA,NA,NA,NA,NA,NA,NA,NA,NA,2.17450573164788,2.19465022119554,2.20060610255486,2.2700440591339,2.32507216624302,2.35761065508266,2.29790657493268,2.29112208357759,2.24391825685184,2.25957126601062,2.28525060783552,2.29199907496457,2.39356219869538,2.47573512633556,2.43373456328807,2.46906626694273,2.4045335689417,NA,NA
"183","Oman","OMN","Research and development expenditure (% of GDP)","GB.XPD.RSDV.GD.ZS",NA,NA,NA,NA,NA,NA,NA,NA,NA,NA,NA,NA,NA,NA,NA,NA,NA,NA,NA,NA,NA,NA,NA,NA,NA,NA,NA,NA,NA,NA,NA,NA,NA,NA,NA,NA,NA,NA,NA,NA,NA,NA,NA,NA,NA,NA,NA,NA,NA,NA,NA,0.13249,NA,NA,NA
"184","Other small states","OSS","Research and development expenditure (% of GDP)","GB.XPD.RSDV.GD.ZS",NA,NA,NA,NA,NA,NA,NA,NA,NA,NA,NA,NA,NA,NA,NA,NA,NA,NA,NA,NA,NA,NA,NA,NA,NA,NA,NA,NA,NA,NA,NA,NA,NA,NA,NA,NA,NA,NA,NA,NA,NA,NA,NA,NA,NA,NA,NA,NA,NA,NA,NA,NA,NA,NA,NA
"185","Pakistan","PAK","Research and development expenditure (% of GDP)","GB.XPD.RSDV.GD.ZS",NA,NA,NA,NA,NA,NA,NA,NA,NA,NA,NA,NA,NA,NA,NA,NA,NA,NA,NA,NA,NA,NA,NA,NA,NA,NA,NA,NA,NA,NA,NA,NA,NA,NA,NA,NA,NA,0.15565,0.10919,0.1159,0.12828,0.1667,0.21977,NA,NA,0.43689,NA,0.6325,NA,0.44806,NA,0.32902,NA,NA,NA
"186","Panama","PAN","Research and development expenditure (% of GDP)","GB.XPD.RSDV.GD.ZS",NA,NA,NA,NA,NA,NA,NA,NA,NA,NA,NA,NA,NA,NA,NA,NA,NA,NA,NA,NA,NA,NA,NA,NA,NA,NA,NA,NA,NA,NA,NA,NA,NA,NA,NA,NA,0.32834,0.31671,0.28506,0.28805,0.38398,0.38196,0.36233,0.33998,0.23979,0.24546,0.24917,0.19552,0.20851,0.20651,0.19519,NA,NA,NA,NA
"187","Peru","PER","Research and development expenditure (% of GDP)","GB.XPD.RSDV.GD.ZS",NA,NA,NA,NA,NA,NA,NA,NA,NA,NA,NA,NA,NA,NA,NA,NA,NA,NA,NA,NA,NA,NA,NA,NA,NA,NA,NA,NA,NA,NA,NA,NA,NA,NA,NA,NA,NA,0.08221,0.09848,0.09591,0.1093,0.10704,0.10244,0.10353,0.14925,NA,NA,NA,NA,NA,NA,NA,NA,NA,NA
"188","Philippines","PHL","Research and development expenditure (% of GDP)","GB.XPD.RSDV.GD.ZS",NA,NA,NA,NA,NA,NA,NA,NA,NA,NA,NA,NA,NA,NA,NA,NA,NA,NA,NA,NA,NA,NA,NA,NA,NA,NA,NA,NA,NA,NA,NA,NA,NA,NA,NA,NA,NA,NA,NA,NA,NA,NA,0.13744,0.12994,NA,0.11143,NA,0.10963,NA,NA,NA,NA,NA,NA,NA
"189","Palau","PLW","Research and development expenditure (% of GDP)","GB.XPD.RSDV.GD.ZS",NA,NA,NA,NA,NA,NA,NA,NA,NA,NA,NA,NA,NA,NA,NA,NA,NA,NA,NA,NA,NA,NA,NA,NA,NA,NA,NA,NA,NA,NA,NA,NA,NA,NA,NA,NA,NA,NA,NA,NA,NA,NA,NA,NA,NA,NA,NA,NA,NA,NA,NA,NA,NA,NA,NA
"190","Papua New Guinea","PNG","Research and development expenditure (% of GDP)","GB.XPD.RSDV.GD.ZS",NA,NA,NA,NA,NA,NA,NA,NA,NA,NA,NA,NA,NA,NA,NA,NA,NA,NA,NA,NA,NA,NA,NA,NA,NA,NA,NA,NA,NA,NA,NA,NA,NA,NA,NA,NA,NA,NA,NA,NA,NA,NA,NA,NA,NA,NA,NA,NA,NA,NA,NA,NA,NA,NA,NA
"191","Poland","POL","Research and development expenditure (% of GDP)","GB.XPD.RSDV.GD.ZS",NA,NA,NA,NA,NA,NA,NA,NA,NA,NA,NA,NA,NA,NA,NA,NA,NA,NA,NA,NA,NA,NA,NA,NA,NA,NA,NA,NA,NA,NA,NA,NA,NA,NA,NA,NA,0.65368,0.65217,0.66651,0.68959,0.64431,0.62317,0.55925,0.54061,0.55761,0.56692,0.55591,0.56708,0.60417,0.67459,0.7353,0.76477,0.89972,NA,NA
"192","Puerto Rico","PRI","Research and development expenditure (% of GDP)","GB.XPD.RSDV.GD.ZS",NA,NA,NA,NA,NA,NA,NA,NA,NA,NA,NA,NA,NA,NA,NA,NA,NA,NA,NA,NA,NA,NA,NA,NA,NA,NA,NA,NA,NA,NA,NA,NA,NA,NA,NA,NA,NA,NA,NA,NA,NA,NA,NA,NA,NA,NA,NA,NA,NA,0.48946,NA,NA,NA,NA,NA
"193","Korea, Dem. Rep.","PRK","Research and development expenditure (% of GDP)","GB.XPD.RSDV.GD.ZS",NA,NA,NA,NA,NA,NA,NA,NA,NA,NA,NA,NA,NA,NA,NA,NA,NA,NA,NA,NA,NA,NA,NA,NA,NA,NA,NA,NA,NA,NA,NA,NA,NA,NA,NA,NA,NA,NA,NA,NA,NA,NA,NA,NA,NA,NA,NA,NA,NA,NA,NA,NA,NA,NA,NA
"194","Portugal","PRT","Research and development expenditure (% of GDP)","GB.XPD.RSDV.GD.ZS",NA,NA,NA,NA,NA,NA,NA,NA,NA,NA,NA,NA,NA,NA,NA,NA,NA,NA,NA,NA,NA,NA,NA,NA,NA,NA,NA,NA,NA,NA,NA,NA,NA,NA,NA,NA,0.55619,0.57035,0.63039,0.68662,0.72778,0.77223,0.73204,0.71065,0.74364,0.77858,0.98655,1.1651,1.5031,1.64019,1.59007,1.52293,1.49533,NA,NA
"195","Paraguay","PRY","Research and development expenditure (% of GDP)","GB.XPD.RSDV.GD.ZS",NA,NA,NA,NA,NA,NA,NA,NA,NA,NA,NA,NA,NA,NA,NA,NA,NA,NA,NA,NA,NA,NA,NA,NA,NA,NA,NA,NA,NA,NA,NA,NA,NA,NA,NA,NA,NA,NA,NA,NA,NA,0.07427,0.08525,0.07163,0.07266,0.07487,NA,NA,0.05472,NA,NA,0.05483,NA,NA,NA
"196","Pacific island small states","PSS","Research and development expenditure (% of GDP)","GB.XPD.RSDV.GD.ZS",NA,NA,NA,NA,NA,NA,NA,NA,NA,NA,NA,NA,NA,NA,NA,NA,NA,NA,NA,NA,NA,NA,NA,NA,NA,NA,NA,NA,NA,NA,NA,NA,NA,NA,NA,NA,NA,NA,NA,NA,NA,NA,NA,NA,NA,NA,NA,NA,NA,NA,NA,NA,NA,NA,NA
"197","French Polynesia","PYF","Research and development expenditure (% of GDP)","GB.XPD.RSDV.GD.ZS",NA,NA,NA,NA,NA,NA,NA,NA,NA,NA,NA,NA,NA,NA,NA,NA,NA,NA,NA,NA,NA,NA,NA,NA,NA,NA,NA,NA,NA,NA,NA,NA,NA,NA,NA,NA,NA,NA,NA,NA,NA,NA,NA,NA,NA,NA,NA,NA,NA,NA,NA,NA,NA,NA,NA
"198","Qatar","QAT","Research and development expenditure (% of GDP)","GB.XPD.RSDV.GD.ZS",NA,NA,NA,NA,NA,NA,NA,NA,NA,NA,NA,NA,NA,NA,NA,NA,NA,NA,NA,NA,NA,NA,NA,NA,NA,NA,NA,NA,NA,NA,NA,NA,NA,NA,NA,NA,NA,NA,NA,NA,NA,NA,NA,NA,NA,NA,NA,NA,NA,NA,NA,NA,NA,NA,NA
"199","Romania","ROU","Research and development expenditure (% of GDP)","GB.XPD.RSDV.GD.ZS",NA,NA,NA,NA,NA,NA,NA,NA,NA,NA,NA,NA,NA,NA,NA,NA,NA,NA,NA,NA,NA,NA,NA,NA,NA,NA,NA,NA,NA,NA,NA,NA,NA,NA,NA,NA,0.70543,0.57922,0.49048,0.40236,0.36575,0.38945,0.37784,0.386,0.3852,0.40964,0.45432,0.52339,0.57911,0.47031,0.46086,0.50059,0.48898,NA,NA
"200","Russian Federation","RUS","Research and development expenditure (% of GDP)","GB.XPD.RSDV.GD.ZS",NA,NA,NA,NA,NA,NA,NA,NA,NA,NA,NA,NA,NA,NA,NA,NA,NA,NA,NA,NA,NA,NA,NA,NA,NA,NA,NA,NA,NA,NA,NA,NA,NA,NA,NA,NA,0.96593,1.04374,0.95384,0.99624,1.04984,1.17694,1.24782,1.28603,1.15133,1.06797,1.07294,1.11611,1.04435,1.25192,1.1302,1.09396,1.11802,NA,NA
"201","Rwanda","RWA","Research and development expenditure (% of GDP)","GB.XPD.RSDV.GD.ZS",NA,NA,NA,NA,NA,NA,NA,NA,NA,NA,NA,NA,NA,NA,NA,NA,NA,NA,NA,NA,NA,NA,NA,NA,NA,NA,NA,NA,NA,NA,NA,NA,NA,NA,NA,NA,NA,NA,NA,NA,NA,NA,NA,NA,NA,NA,NA,NA,NA,NA,NA,NA,NA,NA,NA
"202","South Asia","SAS","Research and development expenditure (% of GDP)","GB.XPD.RSDV.GD.ZS",NA,NA,NA,NA,NA,NA,NA,NA,NA,NA,NA,NA,NA,NA,NA,NA,NA,NA,NA,NA,NA,NA,NA,NA,NA,NA,NA,NA,NA,NA,NA,NA,NA,NA,NA,NA,0.613107690816877,0.608095867127413,0.6178720298716,0.64084257074957,0.646349042039199,0.652163264659262,0.653329486825224,0.70689,0.728212137924118,0.767095962158138,0.779201330909935,0.773459116388965,0.810192260464162,0.773886779874548,0.774820203462628,0.757338721081663,NA,NA,NA
"203","Saudi Arabia","SAU","Research and development expenditure (% of GDP)","GB.XPD.RSDV.GD.ZS",NA,NA,NA,NA,NA,NA,NA,NA,NA,NA,NA,NA,NA,NA,NA,NA,NA,NA,NA,NA,NA,NA,NA,NA,NA,NA,NA,NA,NA,NA,NA,NA,NA,NA,NA,NA,NA,NA,NA,NA,NA,NA,NA,0.06269,0.05315,0.0423,0.04245,0.04521,0.04902,0.07338,NA,NA,NA,NA,NA
"204","Southern Cone Extended","SCE","Research and development expenditure (% of GDP)","GB.XPD.RSDV.GD.ZS",NA,NA,NA,NA,NA,NA,NA,NA,NA,NA,NA,NA,NA,NA,NA,NA,NA,NA,NA,NA,NA,NA,NA,NA,NA,NA,NA,NA,NA,NA,NA,NA,NA,NA,NA,NA,NA,NA,NA,NA,NA,NA,NA,NA,NA,NA,NA,NA,NA,NA,NA,NA,NA,NA,NA
"205","Sudan","SDN","Research and development expenditure (% of GDP)","GB.XPD.RSDV.GD.ZS",NA,NA,NA,NA,NA,NA,NA,NA,NA,NA,NA,NA,NA,NA,NA,NA,NA,NA,NA,NA,NA,NA,NA,NA,NA,NA,NA,NA,NA,NA,NA,NA,NA,NA,NA,NA,NA,NA,NA,NA,NA,NA,NA,NA,NA,NA,NA,NA,NA,NA,NA,NA,NA,NA,NA
"206","Senegal","SEN","Research and development expenditure (% of GDP)","GB.XPD.RSDV.GD.ZS",NA,NA,NA,NA,NA,NA,NA,NA,NA,NA,NA,NA,NA,NA,NA,NA,NA,NA,NA,NA,NA,NA,NA,NA,NA,NA,NA,NA,NA,NA,NA,NA,NA,NA,NA,NA,NA,NA,NA,NA,NA,NA,NA,NA,NA,NA,NA,NA,0.36834,NA,0.54086,NA,NA,NA,NA
"207","Singapore","SGP","Research and development expenditure (% of GDP)","GB.XPD.RSDV.GD.ZS",NA,NA,NA,NA,NA,NA,NA,NA,NA,NA,NA,NA,NA,NA,NA,NA,NA,NA,NA,NA,NA,NA,NA,NA,NA,NA,NA,NA,NA,NA,NA,NA,NA,NA,NA,NA,1.33535,1.42744,1.75169,1.84635,1.85105,2.05725,2.09776,2.04845,2.13241,2.19493,2.16488,2.36478,2.64338,2.20015,2.054,2.22947,2.09652,NA,NA
"208","Solomon Islands","SLB","Research and development expenditure (% of GDP)","GB.XPD.RSDV.GD.ZS",NA,NA,NA,NA,NA,NA,NA,NA,NA,NA,NA,NA,NA,NA,NA,NA,NA,NA,NA,NA,NA,NA,NA,NA,NA,NA,NA,NA,NA,NA,NA,NA,NA,NA,NA,NA,NA,NA,NA,NA,NA,NA,NA,NA,NA,NA,NA,NA,NA,NA,NA,NA,NA,NA,NA
"209","Sierra Leone","SLE","Research and development expenditure (% of GDP)","GB.XPD.RSDV.GD.ZS",NA,NA,NA,NA,NA,NA,NA,NA,NA,NA,NA,NA,NA,NA,NA,NA,NA,NA,NA,NA,NA,NA,NA,NA,NA,NA,NA,NA,NA,NA,NA,NA,NA,NA,NA,NA,NA,NA,NA,NA,NA,NA,NA,NA,NA,NA,NA,NA,NA,NA,NA,NA,NA,NA,NA
"210","El Salvador","SLV","Research and development expenditure (% of GDP)","GB.XPD.RSDV.GD.ZS",NA,NA,NA,NA,NA,NA,NA,NA,NA,NA,NA,NA,NA,NA,NA,NA,NA,NA,NA,NA,NA,NA,NA,NA,NA,NA,NA,NA,NA,NA,NA,NA,NA,NA,NA,NA,NA,NA,0.08031,NA,NA,NA,NA,NA,NA,NA,NA,0.08935,0.11245,0.07744,0.06723,0.03112,NA,NA,NA
"211","San Marino","SMR","Research and development expenditure (% of GDP)","GB.XPD.RSDV.GD.ZS",NA,NA,NA,NA,NA,NA,NA,NA,NA,NA,NA,NA,NA,NA,NA,NA,NA,NA,NA,NA,NA,NA,NA,NA,NA,NA,NA,NA,NA,NA,NA,NA,NA,NA,NA,NA,NA,NA,NA,NA,NA,NA,NA,NA,NA,NA,NA,NA,NA,NA,NA,NA,NA,NA,NA
"212","Somalia","SOM","Research and development expenditure (% of GDP)","GB.XPD.RSDV.GD.ZS",NA,NA,NA,NA,NA,NA,NA,NA,NA,NA,NA,NA,NA,NA,NA,NA,NA,NA,NA,NA,NA,NA,NA,NA,NA,NA,NA,NA,NA,NA,NA,NA,NA,NA,NA,NA,NA,NA,NA,NA,NA,NA,NA,NA,NA,NA,NA,NA,NA,NA,NA,NA,NA,NA,NA
"213","Serbia","SRB","Research and development expenditure (% of GDP)","GB.XPD.RSDV.GD.ZS",NA,NA,NA,NA,NA,NA,NA,NA,NA,NA,NA,NA,NA,NA,NA,NA,NA,NA,NA,NA,NA,NA,NA,NA,NA,NA,NA,NA,NA,NA,NA,NA,NA,NA,NA,NA,NA,0.85162,0.90421,1.04111,0.96561,0.34591,0.72517,0.56506,0.32004,0.43366,0.48893,0.36239,0.38481,0.91707,0.79213,0.77744,0.9868,NA,NA
"214","Sub-Saharan Africa (developing only)","SSA","Research and development expenditure (% of GDP)","GB.XPD.RSDV.GD.ZS",NA,NA,NA,NA,NA,NA,NA,NA,NA,NA,NA,NA,NA,NA,NA,NA,NA,NA,NA,NA,NA,NA,NA,NA,NA,NA,NA,NA,NA,NA,NA,NA,NA,NA,NA,NA,NA,NA,NA,NA,NA,NA,NA,NA,NA,NA,NA,0.573304258767258,NA,NA,NA,NA,NA,NA,NA
"215","South Sudan","SSD","Research and development expenditure (% of GDP)","GB.XPD.RSDV.GD.ZS",NA,NA,NA,NA,NA,NA,NA,NA,NA,NA,NA,NA,NA,NA,NA,NA,NA,NA,NA,NA,NA,NA,NA,NA,NA,NA,NA,NA,NA,NA,NA,NA,NA,NA,NA,NA,NA,NA,NA,NA,NA,NA,NA,NA,NA,NA,NA,NA,NA,NA,NA,NA,NA,NA,NA
"216","Sub-Saharan Africa (all income levels)","SSF","Research and development expenditure (% of GDP)","GB.XPD.RSDV.GD.ZS",NA,NA,NA,NA,NA,NA,NA,NA,NA,NA,NA,NA,NA,NA,NA,NA,NA,NA,NA,NA,NA,NA,NA,NA,NA,NA,NA,NA,NA,NA,NA,NA,NA,NA,NA,NA,NA,NA,NA,NA,NA,NA,NA,NA,NA,NA,NA,0.573304258767258,NA,NA,NA,NA,NA,NA,NA
"217","Small states","SST","Research and development expenditure (% of GDP)","GB.XPD.RSDV.GD.ZS",NA,NA,NA,NA,NA,NA,NA,NA,NA,NA,NA,NA,NA,NA,NA,NA,NA,NA,NA,NA,NA,NA,NA,NA,NA,NA,NA,NA,NA,NA,NA,NA,NA,NA,NA,NA,NA,NA,NA,NA,NA,NA,NA,NA,NA,NA,NA,NA,NA,NA,NA,NA,NA,NA,NA
"218","Sao Tome and Principe","STP","Research and development expenditure (% of GDP)","GB.XPD.RSDV.GD.ZS",NA,NA,NA,NA,NA,NA,NA,NA,NA,NA,NA,NA,NA,NA,NA,NA,NA,NA,NA,NA,NA,NA,NA,NA,NA,NA,NA,NA,NA,NA,NA,NA,NA,NA,NA,NA,NA,NA,NA,NA,NA,NA,NA,NA,NA,NA,NA,NA,NA,NA,NA,NA,NA,NA,NA
"219","Suriname","SUR","Research and development expenditure (% of GDP)","GB.XPD.RSDV.GD.ZS",NA,NA,NA,NA,NA,NA,NA,NA,NA,NA,NA,NA,NA,NA,NA,NA,NA,NA,NA,NA,NA,NA,NA,NA,NA,NA,NA,NA,NA,NA,NA,NA,NA,NA,NA,NA,NA,NA,NA,NA,NA,NA,NA,NA,NA,NA,NA,NA,NA,NA,NA,NA,NA,NA,NA
"220","Slovak Republic","SVK","Research and development expenditure (% of GDP)","GB.XPD.RSDV.GD.ZS",NA,NA,NA,NA,NA,NA,NA,NA,NA,NA,NA,NA,NA,NA,NA,NA,NA,NA,NA,NA,NA,NA,NA,NA,NA,NA,NA,NA,NA,NA,NA,NA,NA,NA,NA,NA,0.91051,1.07701,0.78051,0.65563,0.64797,0.63358,0.57114,0.57345,0.51193,0.50503,0.48662,0.45994,0.47344,0.48251,0.63332,0.67915,0.82315,NA,NA
"221","Slovenia","SVN","Research and development expenditure (% of GDP)","GB.XPD.RSDV.GD.ZS",NA,NA,NA,NA,NA,NA,NA,NA,NA,NA,NA,NA,NA,NA,NA,NA,NA,NA,NA,NA,NA,NA,NA,NA,NA,NA,NA,NA,NA,NA,NA,NA,NA,NA,NA,NA,1.28599,1.26741,1.32899,1.36092,1.38087,1.49473,1.46527,1.26862,1.39364,1.43709,1.55811,1.44814,1.65493,1.8603,2.10624,2.47362,2.79952,NA,NA
"222","Sweden","SWE","Research and development expenditure (% of GDP)","GB.XPD.RSDV.GD.ZS",NA,NA,NA,NA,NA,NA,NA,NA,NA,NA,NA,NA,NA,NA,NA,NA,NA,NA,NA,NA,NA,NA,NA,NA,NA,NA,NA,NA,NA,NA,NA,NA,NA,NA,NA,NA,NA,3.4675,NA,3.58067,NA,4.13,NA,3.80267,3.57507,3.55914,3.68411,3.43479,3.69517,3.6167,3.39194,3.38709,3.40622,NA,NA
"223","Swaziland","SWZ","Research and development expenditure (% of GDP)","GB.XPD.RSDV.GD.ZS",NA,NA,NA,NA,NA,NA,NA,NA,NA,NA,NA,NA,NA,NA,NA,NA,NA,NA,NA,NA,NA,NA,NA,NA,NA,NA,NA,NA,NA,NA,NA,NA,NA,NA,NA,NA,NA,NA,NA,NA,NA,NA,NA,NA,NA,NA,NA,NA,NA,NA,NA,NA,NA,NA,NA
"224","Sint Maarten (Dutch part)","SXM","Research and development expenditure (% of GDP)","GB.XPD.RSDV.GD.ZS",NA,NA,NA,NA,NA,NA,NA,NA,NA,NA,NA,NA,NA,NA,NA,NA,NA,NA,NA,NA,NA,NA,NA,NA,NA,NA,NA,NA,NA,NA,NA,NA,NA,NA,NA,NA,NA,NA,NA,NA,NA,NA,NA,NA,NA,NA,NA,NA,NA,NA,NA,NA,NA,NA,NA
"225","Seychelles","SYC","Research and development expenditure (% of GDP)","GB.XPD.RSDV.GD.ZS",NA,NA,NA,NA,NA,NA,NA,NA,NA,NA,NA,NA,NA,NA,NA,NA,NA,NA,NA,NA,NA,NA,NA,NA,NA,NA,NA,NA,NA,NA,NA,NA,NA,NA,NA,NA,NA,NA,NA,NA,NA,0.42788,0.40674,0.41335,0.34658,0.30209,NA,NA,NA,NA,NA,NA,NA,NA,NA
"226","Syrian Arab Republic","SYR","Research and development expenditure (% of GDP)","GB.XPD.RSDV.GD.ZS",NA,NA,NA,NA,NA,NA,NA,NA,NA,NA,NA,NA,NA,NA,NA,NA,NA,NA,NA,NA,NA,NA,NA,NA,NA,NA,NA,NA,NA,NA,NA,NA,NA,NA,NA,NA,NA,NA,NA,NA,NA,NA,NA,NA,NA,NA,NA,NA,NA,NA,NA,NA,NA,NA,NA
"227","Turks and Caicos Islands","TCA","Research and development expenditure (% of GDP)","GB.XPD.RSDV.GD.ZS",NA,NA,NA,NA,NA,NA,NA,NA,NA,NA,NA,NA,NA,NA,NA,NA,NA,NA,NA,NA,NA,NA,NA,NA,NA,NA,NA,NA,NA,NA,NA,NA,NA,NA,NA,NA,NA,NA,NA,NA,NA,NA,NA,NA,NA,NA,NA,NA,NA,NA,NA,NA,NA,NA,NA
"228","Chad","TCD","Research and development expenditure (% of GDP)","GB.XPD.RSDV.GD.ZS",NA,NA,NA,NA,NA,NA,NA,NA,NA,NA,NA,NA,NA,NA,NA,NA,NA,NA,NA,NA,NA,NA,NA,NA,NA,NA,NA,NA,NA,NA,NA,NA,NA,NA,NA,NA,NA,NA,NA,NA,NA,NA,NA,NA,NA,NA,NA,NA,NA,NA,NA,NA,NA,NA,NA
"229","Togo","TGO","Research and development expenditure (% of GDP)","GB.XPD.RSDV.GD.ZS",NA,NA,NA,NA,NA,NA,NA,NA,NA,NA,NA,NA,NA,NA,NA,NA,NA,NA,NA,NA,NA,NA,NA,NA,NA,NA,NA,NA,NA,NA,NA,NA,NA,NA,NA,NA,NA,NA,NA,NA,NA,NA,NA,NA,NA,NA,NA,NA,NA,NA,0.25349,NA,NA,NA,NA
"230","Thailand","THA","Research and development expenditure (% of GDP)","GB.XPD.RSDV.GD.ZS",NA,NA,NA,NA,NA,NA,NA,NA,NA,NA,NA,NA,NA,NA,NA,NA,NA,NA,NA,NA,NA,NA,NA,NA,NA,NA,NA,NA,NA,NA,NA,NA,NA,NA,NA,NA,0.11989,0.10166,NA,0.25654,0.25202,0.2627,0.24404,0.26192,0.25535,0.23498,0.24919,0.21378,NA,0.25056,NA,NA,NA,NA,NA
"231","Tajikistan","TJK","Research and development expenditure (% of GDP)","GB.XPD.RSDV.GD.ZS",NA,NA,NA,NA,NA,NA,NA,NA,NA,NA,NA,NA,NA,NA,NA,NA,NA,NA,NA,NA,NA,NA,NA,NA,NA,NA,NA,NA,NA,NA,NA,NA,NA,NA,NA,NA,NA,NA,NA,NA,NA,0.08953,0.07068,0.0689,0.06697,0.0957,0.10732,0.06778,0.06983,0.08577,0.08914,0.12148,NA,NA,NA
"232","Turkmenistan","TKM","Research and development expenditure (% of GDP)","GB.XPD.RSDV.GD.ZS",NA,NA,NA,NA,NA,NA,NA,NA,NA,NA,NA,NA,NA,NA,NA,NA,NA,NA,NA,NA,NA,NA,NA,NA,NA,NA,NA,NA,NA,NA,NA,NA,NA,NA,NA,NA,NA,NA,NA,NA,NA,NA,NA,NA,NA,NA,NA,NA,NA,NA,NA,NA,NA,NA,NA
"233","Timor-Leste","TLS","Research and development expenditure (% of GDP)","GB.XPD.RSDV.GD.ZS",NA,NA,NA,NA,NA,NA,NA,NA,NA,NA,NA,NA,NA,NA,NA,NA,NA,NA,NA,NA,NA,NA,NA,NA,NA,NA,NA,NA,NA,NA,NA,NA,NA,NA,NA,NA,NA,NA,NA,NA,NA,NA,NA,NA,NA,NA,NA,NA,NA,NA,NA,NA,NA,NA,NA
"234","Tonga","TON","Research and development expenditure (% of GDP)","GB.XPD.RSDV.GD.ZS",NA,NA,NA,NA,NA,NA,NA,NA,NA,NA,NA,NA,NA,NA,NA,NA,NA,NA,NA,NA,NA,NA,NA,NA,NA,NA,NA,NA,NA,NA,NA,NA,NA,NA,NA,NA,NA,NA,NA,NA,NA,NA,NA,NA,NA,NA,NA,NA,NA,NA,NA,NA,NA,NA,NA
"235","Trinidad and Tobago","TTO","Research and development expenditure (% of GDP)","GB.XPD.RSDV.GD.ZS",NA,NA,NA,NA,NA,NA,NA,NA,NA,NA,NA,NA,NA,NA,NA,NA,NA,NA,NA,NA,NA,NA,NA,NA,NA,NA,NA,NA,NA,NA,NA,NA,NA,NA,NA,NA,0.10325,0.11553,0.12715,0.12292,0.12614,0.11762,0.12933,0.11325,0.11496,0.09396,0.05526,0.04589,0.03072,0.05665,0.05137,0.04348,NA,NA,NA
"236","Tunisia","TUN","Research and development expenditure (% of GDP)","GB.XPD.RSDV.GD.ZS",NA,NA,NA,NA,NA,NA,NA,NA,NA,NA,NA,NA,NA,NA,NA,NA,NA,NA,NA,NA,NA,NA,NA,NA,NA,NA,NA,NA,NA,NA,NA,NA,NA,NA,NA,NA,0.30473,0.38748,0.39029,0.39756,0.4145,0.48194,0.57141,0.66152,0.90117,0.9171,0.95506,1.00472,1.0341,1.10218,NA,NA,NA,NA,NA
"237","Turkey","TUR","Research and development expenditure (% of GDP)","GB.XPD.RSDV.GD.ZS",NA,NA,NA,NA,NA,NA,NA,NA,NA,NA,NA,NA,NA,NA,NA,NA,NA,NA,NA,NA,NA,NA,NA,NA,NA,NA,NA,NA,NA,NA,NA,NA,NA,NA,NA,NA,0.45159,0.49169,0.37095,0.46767,0.47909,0.53779,0.52594,0.48311,0.51831,0.59104,0.58016,0.72241,0.72518,0.84902,0.84343,0.85952,NA,NA,NA
"238","Tuvalu","TUV","Research and development expenditure (% of GDP)","GB.XPD.RSDV.GD.ZS",NA,NA,NA,NA,NA,NA,NA,NA,NA,NA,NA,NA,NA,NA,NA,NA,NA,NA,NA,NA,NA,NA,NA,NA,NA,NA,NA,NA,NA,NA,NA,NA,NA,NA,NA,NA,NA,NA,NA,NA,NA,NA,NA,NA,NA,NA,NA,NA,NA,NA,NA,NA,NA,NA,NA
"239","Tanzania","TZA","Research and development expenditure (% of GDP)","GB.XPD.RSDV.GD.ZS",NA,NA,NA,NA,NA,NA,NA,NA,NA,NA,NA,NA,NA,NA,NA,NA,NA,NA,NA,NA,NA,NA,NA,NA,NA,NA,NA,NA,NA,NA,NA,NA,NA,NA,NA,NA,NA,NA,NA,NA,NA,NA,NA,NA,NA,NA,NA,0.43442,NA,NA,0.51616,NA,NA,NA,NA
"240","Uganda","UGA","Research and development expenditure (% of GDP)","GB.XPD.RSDV.GD.ZS",NA,NA,NA,NA,NA,NA,NA,NA,NA,NA,NA,NA,NA,NA,NA,NA,NA,NA,NA,NA,NA,NA,NA,NA,NA,NA,NA,NA,NA,NA,NA,NA,NA,NA,NA,NA,NA,NA,NA,NA,NA,NA,0.36756,0.25612,0.26056,0.21514,0.30033,0.38821,0.32632,0.41158,0.55794,NA,NA,NA,NA
"241","Ukraine","UKR","Research and development expenditure (% of GDP)","GB.XPD.RSDV.GD.ZS",NA,NA,NA,NA,NA,NA,NA,NA,NA,NA,NA,NA,NA,NA,NA,NA,NA,NA,NA,NA,NA,NA,NA,NA,NA,NA,NA,NA,NA,NA,NA,NA,NA,NA,NA,NA,NA,1.1923,1.06993,0.96968,0.96213,1.02329,0.9982,1.11179,1.08152,1.16896,0.94908,0.85319,0.84644,0.85644,0.83098,0.73662,NA,NA,NA
"242","Upper middle income","UMC","Research and development expenditure (% of GDP)","GB.XPD.RSDV.GD.ZS",NA,NA,NA,NA,NA,NA,NA,NA,NA,NA,NA,NA,NA,NA,NA,NA,NA,NA,NA,NA,NA,NA,NA,NA,NA,NA,NA,NA,NA,NA,NA,NA,NA,NA,NA,NA,NA,0.465353525420355,NA,0.546140515387381,0.653105017466105,0.674549325960584,0.730177800954237,0.762105591648183,0.797271046241763,0.872340292028778,0.909162402346942,0.958661858910471,1.02877788282364,1.20908507393864,1.26154018151663,1.34603191561914,NA,NA,NA
"243","Uruguay","URY","Research and development expenditure (% of GDP)","GB.XPD.RSDV.GD.ZS",NA,NA,NA,NA,NA,NA,NA,NA,NA,NA,NA,NA,NA,NA,NA,NA,NA,NA,NA,NA,NA,NA,NA,NA,NA,NA,NA,NA,NA,NA,NA,NA,NA,NA,NA,NA,0.26501,0.34994,0.19186,0.22417,0.20925,NA,0.23818,NA,NA,NA,0.35919,0.39948,0.36265,0.44267,0.40964,0.43051,NA,NA,NA
"244","United States","USA","Research and development expenditure (% of GDP)","GB.XPD.RSDV.GD.ZS",NA,NA,NA,NA,NA,NA,NA,NA,NA,NA,NA,NA,NA,NA,NA,NA,NA,NA,NA,NA,NA,NA,NA,NA,NA,NA,NA,NA,NA,NA,NA,NA,NA,NA,NA,NA,2.44182,2.47092,2.49677,2.54041,2.61925,2.63746,2.54905,2.55253,2.48953,2.50567,2.54965,2.62644,2.76651,2.81594,2.73827,2.76264,2.79197,NA,NA
"245","Uzbekistan","UZB","Research and development expenditure (% of GDP)","GB.XPD.RSDV.GD.ZS",NA,NA,NA,NA,NA,NA,NA,NA,NA,NA,NA,NA,NA,NA,NA,NA,NA,NA,NA,NA,NA,NA,NA,NA,NA,NA,NA,NA,NA,NA,NA,NA,NA,NA,NA,NA,NA,NA,NA,NA,NA,NA,NA,NA,NA,NA,NA,NA,NA,NA,NA,NA,NA,NA,NA
"246","St. Vincent and the Grenadines","VCT","Research and development expenditure (% of GDP)","GB.XPD.RSDV.GD.ZS",NA,NA,NA,NA,NA,NA,NA,NA,NA,NA,NA,NA,NA,NA,NA,NA,NA,NA,NA,NA,NA,NA,NA,NA,NA,NA,NA,NA,NA,NA,NA,NA,NA,NA,NA,NA,NA,NA,NA,NA,NA,0.04296,0.12008,NA,NA,NA,NA,NA,NA,NA,NA,NA,NA,NA,NA
"247","Venezuela, RB","VEN","Research and development expenditure (% of GDP)","GB.XPD.RSDV.GD.ZS",NA,NA,NA,NA,NA,NA,NA,NA,NA,NA,NA,NA,NA,NA,NA,NA,NA,NA,NA,NA,NA,NA,NA,NA,NA,NA,NA,NA,NA,NA,NA,NA,NA,NA,NA,NA,NA,NA,NA,NA,NA,NA,NA,NA,NA,NA,NA,NA,NA,NA,NA,NA,NA,NA,NA
"248","Virgin Islands (U.S.)","VIR","Research and development expenditure (% of GDP)","GB.XPD.RSDV.GD.ZS",NA,NA,NA,NA,NA,NA,NA,NA,NA,NA,NA,NA,NA,NA,NA,NA,NA,NA,NA,NA,NA,NA,NA,NA,NA,NA,NA,NA,NA,NA,NA,NA,NA,NA,NA,NA,NA,NA,NA,NA,NA,NA,NA,NA,NA,NA,NA,NA,NA,NA,NA,NA,NA,NA,NA
"249","Vietnam","VNM","Research and development expenditure (% of GDP)","GB.XPD.RSDV.GD.ZS",NA,NA,NA,NA,NA,NA,NA,NA,NA,NA,NA,NA,NA,NA,NA,NA,NA,NA,NA,NA,NA,NA,NA,NA,NA,NA,NA,NA,NA,NA,NA,NA,NA,NA,NA,NA,NA,NA,NA,NA,NA,NA,0.17808,NA,NA,NA,NA,NA,NA,NA,NA,NA,NA,NA,NA
"250","Vanuatu","VUT","Research and development expenditure (% of GDP)","GB.XPD.RSDV.GD.ZS",NA,NA,NA,NA,NA,NA,NA,NA,NA,NA,NA,NA,NA,NA,NA,NA,NA,NA,NA,NA,NA,NA,NA,NA,NA,NA,NA,NA,NA,NA,NA,NA,NA,NA,NA,NA,NA,NA,NA,NA,NA,NA,NA,NA,NA,NA,NA,NA,NA,NA,NA,NA,NA,NA,NA
"251","West Bank and Gaza","PSE","Research and development expenditure (% of GDP)","GB.XPD.RSDV.GD.ZS",NA,NA,NA,NA,NA,NA,NA,NA,NA,NA,NA,NA,NA,NA,NA,NA,NA,NA,NA,NA,NA,NA,NA,NA,NA,NA,NA,NA,NA,NA,NA,NA,NA,NA,NA,NA,NA,NA,NA,NA,NA,NA,NA,NA,NA,NA,NA,NA,NA,NA,NA,NA,NA,NA,NA
"252","World","WLD","Research and development expenditure (% of GDP)","GB.XPD.RSDV.GD.ZS",NA,NA,NA,NA,NA,NA,NA,NA,NA,NA,NA,NA,NA,NA,NA,NA,NA,NA,NA,NA,NA,NA,NA,NA,NA,NA,NA,NA,NA,NA,NA,NA,NA,NA,NA,NA,2.01146959036413,2.00702097626698,2.02139983038419,2.09874298256754,2.09803111773752,2.12063704409074,2.08543969994945,2.07532158323943,2.02817161294339,2.01849359858522,2.02764350595734,1.99818733250472,2.06953305318145,2.12354971605885,2.11551620087371,2.13032461441626,NA,NA,NA
"253","Samoa","WSM","Research and development expenditure (% of GDP)","GB.XPD.RSDV.GD.ZS",NA,NA,NA,NA,NA,NA,NA,NA,NA,NA,NA,NA,NA,NA,NA,NA,NA,NA,NA,NA,NA,NA,NA,NA,NA,NA,NA,NA,NA,NA,NA,NA,NA,NA,NA,NA,NA,NA,NA,NA,NA,NA,NA,NA,NA,NA,NA,NA,NA,NA,NA,NA,NA,NA,NA
"254","Yemen, Rep.","YEM","Research and development expenditure (% of GDP)","GB.XPD.RSDV.GD.ZS",NA,NA,NA,NA,NA,NA,NA,NA,NA,NA,NA,NA,NA,NA,NA,NA,NA,NA,NA,NA,NA,NA,NA,NA,NA,NA,NA,NA,NA,NA,NA,NA,NA,NA,NA,NA,NA,NA,NA,NA,NA,NA,NA,NA,NA,NA,NA,NA,NA,NA,NA,NA,NA,NA,NA
"255","South Africa","ZAF","Research and development expenditure (% of GDP)","GB.XPD.RSDV.GD.ZS",NA,NA,NA,NA,NA,NA,NA,NA,NA,NA,NA,NA,NA,NA,NA,NA,NA,NA,NA,NA,NA,NA,NA,NA,NA,NA,NA,NA,NA,NA,NA,NA,NA,NA,NA,NA,NA,0.59834,NA,NA,NA,0.73412,NA,0.79232,0.8486,0.9006,0.93473,0.92373,0.93247,0.87079,0.7616,NA,NA,NA,NA
"256","Congo, Dem. Rep.","COD","Research and development expenditure (% of GDP)","GB.XPD.RSDV.GD.ZS",NA,NA,NA,NA,NA,NA,NA,NA,NA,NA,NA,NA,NA,NA,NA,NA,NA,NA,NA,NA,NA,NA,NA,NA,NA,NA,NA,NA,NA,NA,NA,NA,NA,NA,NA,NA,NA,NA,NA,NA,NA,NA,NA,NA,0.42348,0.09647,0.099,0.22746,0.13988,0.13019,NA,NA,NA,NA,NA
"257","Zambia","ZMB","Research and development expenditure (% of GDP)","GB.XPD.RSDV.GD.ZS",NA,NA,NA,NA,NA,NA,NA,NA,NA,NA,NA,NA,NA,NA,NA,NA,NA,NA,NA,NA,NA,NA,NA,NA,NA,NA,NA,NA,NA,NA,NA,NA,NA,NA,NA,NA,0.01214,0.00811,NA,NA,NA,NA,0.00614,0.00957,0.02542,0.02894,NA,NA,0.34033,NA,NA,NA,NA,NA,NA
"258","Zimbabwe","ZWE","Research and development expenditure (% of GDP)","GB.XPD.RSDV.GD.ZS",NA,NA,NA,NA,NA,NA,NA,NA,NA,NA,NA,NA,NA,NA,NA,NA,NA,NA,NA,NA,NA,NA,NA,NA,NA,NA,NA,NA,NA,NA,NA,NA,NA,NA,NA,NA,NA,NA,NA,NA,NA,NA,NA,NA,NA,NA,NA,NA,NA,NA,NA,NA,NA,NA,NA
