"","id","name","country"
"1",1,"(512) Brewing Company","United States"
"2",2,"21st Amendment Brewery Cafe","United States"
"3",3,"3 Fonteinen Brouwerij Ambachtelijke Geuzestekerij","Belgium"
"4",4,"Aass Brewery","Norway"
"5",5,"Abbaye de Leffe","Belgium"
"6",6,"Abbaye de Maredsous","Belgium"
"7",7,"Abbaye Notre Dame du St Remy","Belgium"
"8",8,"Abbey Wright Brewing/Valley Inn","United States"
"9",9,"Aberdeen Brewing","United States"
"10",10,"Abita Brewing Company","United States"
"11",11,"Adnams & Co.","United Kingdom"
"12",12,"Affligem Brouwerij","Belgium"
"13",13,"Agassiz Brewing","Canada"
"14",14,"Aksarben Brewing (BOP)","United States"
"15",15,"Aktienbrauerei Kaufbeuren","Germany"
"16",16,"Alameda Brewhouse","United States"
"17",17,"Alaskan Brewing","United States"
"18",18,"Alaus Darykla Kalnapilis","Lithuania"
"19",19,"Aldaris","Latvia"
"20",20,"Ale Asylum","United States"
"21",21,"AleSmith Brewing","United States"
"22",22,"Ali`i Brewing","United States"
"23",23,"Allagash Brewing","United States"
"24",25,"Allentown Brew Works","United States"
"25",26,"Allguer Brauhaus AG Kempten","Germany"
"26",27,"Allguer Brauhaus AG Kempten, Brausttte Leuterschach","Germany"
"27",28,"Alltech's Lexington Brewing Company","United States"
"28",29,"Alpine Beer Company","United States"
"29",30,"Alpirsbacher Klosterbru","Germany"
"30",31,"Alvinne Picobrouwerij","Belgium"
"31",32,"America's Brewing","United States"
"32",33,"American River Brewing","United States"
"33",34,"Amerisports Brew Pub","United States"
"34",35,"Amherst Brewing Company","United States"
"35",36,"Amicas Pizza, Microbrews and More","United States"
"36",37,"Amstel Brouwerij","Netherlands"
"37",38,"Anacortes Brewing","United States"
"38",39,"Anchor Brewing","United States"
"39",40,"Andechser Klosterbrauerei","Germany"
"40",41,"Anderson Valley Brewing","United States"
"41",42,"Andrew's Brewing","United States"
"42",43,"Angelic Brewing","United States"
"43",44,"Anheuser-Busch","United States"
"44",45,"Appalachian Brewing Company","United States"
"45",46,"Appleton Brewing","United States"
"46",47,"Arcadia Brewing","United States"
"47",48,"Arcobrau Grafliches Brauhaus","Germany"
"48",49,"Arthur Guinness & Son","Ireland"
"49",50,"Asahi Breweries","Japan"
"50",51,"Asheville Pizza and Brewing Co.","United States"
"51",52,"ateck Pivovar","Czech Republic"
"52",53,"Athenian Brewery","Greece"
"53",54,"Atlanta Brewing Company","United States"
"54",55,"Atlantic Brewing Company","United States"
"55",56,"Atwater Block Brewing","United States"
"56",57,"August Schell Brewing","United States"
"57",59,"Augusta Brewing","United States"
"58",60,"Augustiner-BrÃ¤u MÃ¼nchen","Germany"
"59",61,"Australian Brewing Corporation","Australia"
"60",62,"Avery Brewing Company","United States"
"61",63,"Back Road Brewery","United States"
"62",64,"Backcountry Brewery","United States"
"63",65,"Backwater Brewing","United States"
"64",66,"Bad Frog Brewery Company","United States"
"65",67,"Ball- und Brauhaus Watzke","Germany"
"66",68,"Ballast Point Brewing","United States"
"67",69,"Baltimore-Washington Beer Works","United States"
"68",70,"Bamberger Mahr's-Bru","Germany"
"69",71,"Bandana Brewery","United States"
"70",72,"Bar Harbor Brewing Company","United States"
"71",73,"Bard's Tale Beer Company","United States"
"72",74,"Barfer - das kleine Brauhaus","Germany"
"73",75,"Barley Brothers Brewery and Grill","United States"
"74",76,"Barley Creek Brewing","United States"
"75",77,"Barley Island Brewing","United States"
"76",78,"Barley John's Brewpub","United States"
"77",79,"Barley's #2 Smokehouse and Brewpub","United States"
"78",80,"Barley's Brewing #1","United States"
"79",81,"Barley's Casino & Brewing Company","United States"
"80",82,"Baron Brewing Company","United States"
"81",83,"Barrel House Brewing Co.","United States"
"82",84,"Basil T's Brew Pub and Italian Grill","United States"
"83",85,"Bass Brewers","United Kingdom"
"84",86,"Bavaria","Colombia"
"85",87,"Bavarian Barbarian Brewing Company","United States"
"86",88,"Bayerische Staatsbrauerei Weihenstephan","Germany"
"87",89,"Bayern Brewing","United States"
"88",90,"BBC Brewing Co., LLC","United States"
"89",91,"Beach Brewing","United States"
"90",92,"Beach Chalet Brewery","United States"
"91",93,"Beamish & Crawford","Ireland"
"92",94,"Bear Republic Brewery","United States"
"93",95,"Beck's","Germany"
"94",96,"Beermann's Beerwerks BrewPub","United States"
"95",97,"Belfast Bay Brewing Company","United States"
"96",98,"Belhaven Brewery","United Kingdom"
"97",99,"Belize Brewing","Belize"
"98",100,"Bell's Brewery Inc.","United States"
"99",101,"Bellows Brew Crew","United States"
"100",102,"Bent River Brewing","United States"
"101",103,"Berliner Kindl Brauerei AG","Germany"
"102",104,"Berliner-Kindl-Schultheiss-Brauerei","Germany"
"103",105,"Bersaglier","Argentina"
"104",106,"Bethlehem Brew Works","United States"
"105",107,"Bibiana Brewing","United States"
"106",108,"Biddy Early Brewery","Ireland"
"107",109,"Bierbrouwerij Bavaria","Netherlands"
"108",110,"Bierbrouwerij De Koningshoeven","Netherlands"
"109",111,"Bierbrouwerij St.Christoffel","Netherlands"
"110",112,"Big Bang Brewery (Closed)","United States"
"111",113,"Big Boss Brewing Company","United States"
"112",114,"Big Buck Brewery","United States"
"113",115,"Big Buck Brewery and Steakhouse #2","United States"
"114",116,"Big Dog's Brewing Company","United States"
"115",117,"Big Hole Brewing","United States"
"116",118,"Big Horn Brewing @ The RAM 2","United States"
"117",119,"Big Ridge Brewing","Canada"
"118",120,"Big River Brewing","Canada"
"119",121,"Big Rock Brewery","Canada"
"120",122,"Big Sky Brewing","United States"
"121",123,"Big Time Brewing","United States"
"122",124,"Bill's Tavern & Brewhouse","United States"
"123",125,"Binding Brauerei AG","Germany"
"124",126,"Birra Forst","Italy"
"125",127,"Birra Moretti","Italy"
"126",128,"Birrificia Le Baladin","Italy"
"127",129,"Birrificio Torrechiara","Italy"
"128",130,"Bison Brewing","United States"
"129",131,"Bitburger Brauerei","Germany"
"130",132,"BJ's Pizza, Grill, and Brewery - Jantzen Beach","United States"
"131",133,"BJ's Restaurant and Brewery","United States"
"132",134,"Black Sheep Brewery","United Kingdom"
"133",135,"Black Toad Brewing Company","United States"
"134",136,"Blacksburg Brewing Company","United States"
"135",137,"Blackstone Restaurant & Brewery","United States"
"136",138,"Blicks Brewing","United States"
"137",139,"Blitz-Weinhard Brewing","United States"
"138",140,"Bloomington Brewing Company","United States"
"139",141,"BluCreek Brewing Company","United States"
"140",142,"Blue Cat Brew Pub","United States"
"141",143,"Blue Corn Caf and Brewery - Albuquerque","United States"
"142",144,"Blue Point Brewing","United States"
"143",145,"Blue Ridge Brewing","United States"
"144",146,"Bluegrass Brewing Company, Inc.","United States"
"145",147,"Bobcat Cafe & Brewery","United States"
"146",148,"Boddington's Brewery","United Kingdom"
"147",149,"Boiler Room Brewpub","United States"
"148",150,"Bonaventure Brewing Co","United States"
"149",151,"Bonfire Brewery","United States"
"150",152,"Boon Rawd Brewery","Thailand"
"151",153,"Bootleggers Steakhouse and Brewery","United States"
"152",154,"Borsodi SÃ¶rgyÃ¡r","Hungary"
"153",155,"Boscos Memphis Brewing","United States"
"154",156,"BOSS Browar Witnica S.A.","Poland"
"155",157,"Boston Beer Company","United States"
"156",158,"Boston Beer Works","United States"
"157",159,"Bottom's Up Brewing","United States"
"158",160,"Boulder Beer Company","United States"
"159",161,"Boulevard Brewing Company","United States"
"160",162,"Boundary Bay Brewery and Bistro","United States"
"161",163,"Brasal-Brasserie Allemande","Canada"
"162",164,"Brasserie Artisanale de Rulles","Belgium"
"163",165,"Brasserie Bnifontaine","France"
"164",166,"Brasserie Clarysse","Belgium"
"165",167,"Brasserie D'Achouffe","Belgium"
"166",168,"Brasserie d'Ecaussinnes","Belgium"
"167",169,"Brasserie d'Orval","Belgium"
"168",170,"Brasserie de Blaugies","Belgium"
"169",171,"Brasserie de Brunehaut","Belgium"
"170",172,"Brasserie de Cazeau","Belgium"
"171",173,"Brasserie de l'Abbaye de Scourmont (Trappistes)","Belgium"
"172",174,"Brasserie De L'Abbaye Des Rocs","Belgium"
"173",175,"Brasserie de l'Abbaye Val-Dieu","Belgium"
"174",176,"Brasserie de la Senne","Belgium"
"175",177,"Brasserie De Saint Sylvestre","France"
"176",178,"Brasserie De Silenrieux","Belgium"
"177",179,"Brasserie de Silly","Belgium"
"178",180,"Brasserie de Tahiti","French Polynesia"
"179",181,"Brasserie de Vervifontaine","Belgium"
"180",182,"Brasserie des Cimes","France"
"181",183,"Brasserie des Franches-Montagnes","Switzerland"
"182",184,"Brasserie des Gants","Belgium"
"183",185,"Brasserie des Vosges","France"
"184",186,"Brasserie du Benin","Togo"
"185",187,"Brasserie du Bocq","Belgium"
"186",188,"Brasserie Dubuisson","Belgium"
"187",189,"Brasserie Dupont","Belgium"
"188",190,"Brasserie Duyck","France"
"189",191,"Brasserie Ellezelloise","Belgium"
"190",192,"Brasserie Fantme","Belgium"
"191",193,"Brasserie Grain D'Orge","France"
"192",194,"Brasserie La Binchoise","Belgium"
"193",195,"Brasserie La Caracole","Belgium"
"194",196,"Brasserie La Choulette","France"
"195",197,"Brasserie Lefebvre","Belgium"
"196",198,"Brasserie McAuslan","Canada"
"197",199,"Brasserie Pietra","France"
"198",200,"Brasserie Thiriez","France"
"199",201,"Brasserie Val de Sambre","Belgium"
"200",202,"Brasserie-Brouwerij Cantillon","Belgium"
"201",203,"Brasseries Kronenbourg","France"
"202",204,"Brauerei & Gasthof zur Krone","Germany"
"203",205,"Brauerei Aying Franz Inselkammer KG","Germany"
"204",206,"Brauerei Beck","Germany"
"205",207,"Brauerei C. & A. Veltins GmbH & Co.","Germany"
"206",208,"Brauerei Fssla","Germany"
"207",209,"Brauerei Gbr. Maisel KG","Germany"
"208",210,"Brauerei Grieskirchen AG","Austria"
"209",211,"Brauerei Gss","Austria"
"210",212,"Brauerei Herrenhausen","Germany"
"211",213,"Brauerei Hrle","Germany"
"212",214,"Brauerei Hrlimann","Switzerland"
"213",215,"Brauerei im Fchschen","Germany"
"214",216,"Brauerei Leibinger","Germany"
"215",217,"Brauerei Locher AG","Switzerland"
"216",218,"Brauerei Reissdorf","Germany"
"217",219,"Brauerei Schtzengarten","Switzerland"
"218",220,"Brauerei Schumacher","Germany"
"219",221,"Brauerei Schwelm","Germany"
"220",222,"Brauerei Spezial","Germany"
"221",223,"Brauerei und Altbierkche Pinkus Mller","Germany"
"222",224,"Brauerei Wieselburg","Austria"
"223",225,"Brauereigasthof Adler","Germany"
"224",226,"Brauhaus am WaldschlÃ¶sschen","Germany"
"225",227,"Brauhaus Brew Hall","United States"
"226",228,"Brauhaus Faust","Germany"
"227",229,"Brauhaus Johann Albrecht - Dsseldorf","Germany"
"228",230,"Brauhaus Johann Albrecht - Konstanz","Germany"
"229",231,"Brauhaus Onuma","Japan"
"230",232,"Brauhaus Sion","Germany"
"231",233,"Brauhaus Sternen","Switzerland"
"232",234,"Brausttte der Steirerbrau Aktiengesellschaft","Austria"
"233",235,"Breckenridge BBQ of Omaha","United States"
"234",236,"Breckenridge Brewery","United States"
"235",238,"Brennerei-Distillerie Radermacher","Belgium"
"236",239,"Brew Kettle Taproom & Smokehouse BOP","United States"
"237",240,"Brew Makers","United States"
"238",241,"BrewDog Ltd","United Kingdom"
"239",242,"Brewer's Art","United States"
"240",243,"Brewery at Martha's Vineyard","United States"
"241",244,"Brewery Belle-Vue","Belgium"
"242",245,"Brewery Budweiser Budvar","Czech Republic"
"243",246,"Brewery Corsendonk","Belgium"
"244",247,"Brewery Creek Brewing","United States"
"245",248,"Brewery De Troch","Belgium"
"246",249,"Brewery Ommegang","United States"
"247",250,"Brewmasters Restaurant and Brewery South","United States"
"248",251,"Brewpub-on-the-Green","United States"
"249",252,"Breznak","Czech Republic"
"250",253,"Brick Brewing","Canada"
"251",254,"Bricktown Brewery","United States"
"252",255,"BridgePort Brewing","United States"
"253",256,"Brimstone Brewing","United States"
"254",257,"Bristol Brewing","United States"
"255",258,"Broad Ripple Brewing","United States"
"256",259,"Brooklyn Brewery","United States"
"257",260,"Broughton Ales","United Kingdom"
"258",261,"Brouwerij 't IJ","Netherlands"
"259",262,"Brouwerij Abdij der Trappisten van Westmalle","Belgium"
"260",263,"Brouwerij Abdij Saint Sixtus","Belgium"
"261",264,"Brouwerij Alken-Maes","Belgium"
"262",265,"Brouwerij Artois","Belgium"
"263",266,"Brouwerij Bavik - De Brabandere","Belgium"
"264",267,"Brouwerij Bockor","Belgium"
"265",268,"Brouwerij Boon","Belgium"
"266",269,"Brouwerij Bosteels","Belgium"
"267",270,"Brouwerij De Achelse Kluis","Belgium"
"268",271,"Brouwerij De Block","Belgium"
"269",272,"Brouwerij De Dolle Brouwers","Belgium"
"270",273,"Brouwerij de Gouden Boom","Belgium"
"271",274,"Brouwerij De Keersmaeker","Belgium"
"272",1421,"DC Brau","United States"
"273",276,"Brouwerij De Landtsheer","Belgium"
"274",277,"Brouwerij De Ranke","Belgium"
"275",278,"Brouwerij De Regenboog","Belgium"
"276",279,"Brouwerij De Smedt","Belgium"
"277",280,"Brouwerij der Sint-Benedictusabdij de Achelse Kluis","Belgium"
"278",281,"Brouwerij Duvel Moortgat","Belgium"
"279",282,"Brouwerij Duysters","Belgium"
"280",283,"Brouwerij Girardin","Belgium"
"281",284,"Brouwerij Het Anker","Belgium"
"282",285,"Brouwerij Huyghe","Belgium"
"283",286,"Brouwerij Kerkom","Belgium"
"284",287,"Brouwerij Liefmans","Belgium"
"285",288,"Brouwerij Lindemans","Belgium"
"286",289,"Brouwerij Nacional Balashi","Aruba"
"287",290,"Brouwerij Oud Beersel","Belgium"
"288",291,"Brouwerij Rodenbach","Belgium"
"289",292,"Brouwerij Roman","Belgium"
"290",293,"Brouwerij Sint-Jozef","Belgium"
"291",294,"Brouwerij Slaghmuylder","Belgium"
"292",295,"Brouwerij St-Feuillien","Belgium"
"293",296,"Brouwerij St. Bernardus","Belgium"
"294",297,"Brouwerij Sterkens","Belgium"
"295",298,"Brouwerij Strubbe","Belgium"
"296",299,"Brouwerij The Musketiers","Belgium"
"297",300,"Brouwerij Van Den Bossche","Belgium"
"298",301,"Brouwerij Van Eecke","Belgium"
"299",302,"Brouwerij van Hoegaarden","Belgium"
"300",303,"Brouwerij Van Honsebrouck","Belgium"
"301",304,"Brouwerij Van Steenberge","Belgium"
"302",305,"Brouwerij Verhaeghe","Belgium"
"303",306,"Browar NamysÅ‚Ã³w Sp. z o.o.","Poland"
"304",307,"Browar Okocim","Poland"
"305",308,"Browar Warka","Poland"
"306",309,"Browar Zywiec","Poland"
"307",310,"Brown Street Brewery","United States"
"308",311,"Brownings","United States"
"309",312,"Bryggeriet lfabrikken","Denmark"
"310",313,"BT McClintic Beer Company","United States"
"311",314,"Bube's Brewery","United States"
"312",315,"Budjovick Budvar","Czech Republic"
"313",316,"Budjovick Mansk Pivovar","Czech Republic"
"314",317,"Bull & Bush Pub & Brewery","United States"
"315",318,"Bulldog Brewing","United States"
"316",319,"Bullfrog Brewery","United States"
"317",320,"Bulmer Cider","United Kingdom"
"318",321,"BÃ¼rgerbrÃ¤u Wolnzach","Germany"
"319",322,"Burton Bridge Brewery","United Kingdom"
"320",323,"Butte Creek Brewing","United States"
"321",324,"Butterfield Brewing #1","United States"
"322",325,"Buzzards Bay Brewing Inc.","United States"
"323",326,"C.B. & Potts of Cheyenne","United States"
"324",327,"C.H. Evans Brewing Company","United States"
"325",328,"Caldera Brewing","United States"
"326",329,"Caledonian Brewing","United Kingdom"
"327",330,"Calhoun's Microbrewery","United States"
"328",331,"California Cider Company","United States"
"329",332,"Callahan's Pub and Brewery","United States"
"330",333,"Cambridge Brewing","United States"
"331",334,"Cameron's Brewing","Canada"
"332",335,"Camerons Brewery Company","United Kingdom"
"333",336,"Canadian Brewery","Canada"
"334",337,"Cape Ann Brewing","United States"
"335",338,"Capital Brewery","United States"
"336",339,"Capital City Brewing Company","United States"
"337",340,"Capitol City Brewing #4","United States"
"338",341,"Captain Lawrence Brewing Company","United States"
"339",343,"Carlow Brewing Company","Ireland"
"340",344,"Carlsberg Bryggerierne","Denmark"
"341",345,"Carlsberg Sverige AB","Sweden"
"342",346,"Carlton and United Breweries","Australia"
"343",347,"Carlyle Brewing","United States"
"344",348,"Carmel Brewing","United States"
"345",349,"Carolina Beer Company","United States"
"346",350,"Carolina Brewery","United States"
"347",351,"Carver Brewing Co.","United States"
"348",352,"Castle Springs Brewery","United States"
"349",353,"Cat's Paw Home Brew","United States"
"350",354,"Catamount Brewing","United States"
"351",355,"Cedar Brewing","United States"
"352",356,"Celis Brewery","United States"
"353",357,"Central City Brewing Company","Canada"
"354",358,"Central Waters Brewing Company","United States"
"355",359,"Cervecera Centro Americana S.A.","Guatemala"
"356",360,"Cervecera Cuauhtmoc-Moctezuma","Mexico"
"357",361,"Cervecera del Pacfico","Mexico"
"358",362,"Cervecera Hondurea","Honduras"
"359",363,"Cervecera Jerome","Argentina"
"360",364,"Cervecera Nacional","Panama"
"361",365,"Cerveceria Bucanero","Cuba"
"362",366,"CervecerÃ­a La Constancia","El Salvador"
"363",367,"Cervejaria de Macau","Macao"
"364",368,"Cervejaria Kaiser Brasil","Brazil"
"365",369,"Cervejaria Sudbrack","Brazil"
"366",370,"Cervezas Alhambra","Spain"
"367",371,"Chama River Brewing","United States"
"368",372,"Charles Wells Ltd.","United Kingdom"
"369",373,"Charlie and Jake's Brewery and BBQ","United States"
"370",374,"Chelsea Brewing Company","United States"
"371",375,"Cherryland Brewing","United States"
"372",376,"Cheshire Cat Brewery","United States"
"373",377,"Chicago Brewing","United States"
"374",378,"Chimay (Abbaye Notre Dame de Scourmont)","Belgium"
"375",379,"Cigar City Brewing","United States"
"376",380,"Circle V Brewing","United States"
"377",381,"City Brewing Company, LLC","United States"
"378",382,"CJ's Brewery & Grill","United States"
"379",383,"Cleveland ChopHouse and Brewery","United States"
"380",384,"Climax Brewing Copmany","United States"
"381",385,"Clipper City Brewing Co.","United States"
"382",386,"Clner Hofbrau Frh","Germany"
"383",387,"Coach's Norman","United States"
"384",388,"Coast Brewing","United States"
"385",389,"Coast Range Brewing","United States"
"386",390,"Coastal Fog Brewing","United States"
"387",391,"Coeur d'Alene Brewing Company","United States"
"388",392,"Cold Spring Brewing","United States"
"389",393,"Columbia Bay Brewery Restaurant and Pub","United States"
"390",394,"Commonwealth Brewing #1","United States"
"391",395,"Coniston Brewing","United Kingdom"
"392",396,"Cooper's Cave Ale Company","United States"
"393",397,"Coopers Brewery","Australia"
"394",398,"Cooperstown Brewing Company","United States"
"395",399,"Coors Brewing - Golden Brewery","United States"
"396",400,"Copper Dragon Brewing","United States"
"397",401,"Copper Eagle Brewing","United States"
"398",402,"Copper Kettle Brewery","United States"
"399",403,"Corner Pub","United States"
"400",404,"Coronado Brewing Company","United States"
"401",405,"Costal Extreme Brewing Company","United States"
"402",406,"Courage Brewery","United Kingdom"
"403",407,"Court Avenue Brewing","United States"
"404",408,"Courthouse Pub","United States"
"405",409,"Crabby Larry's Brewpub Steak & Crab House","United States"
"406",410,"Crabtree Brewery","United States"
"407",411,"Craftsman Brewing","United States"
"408",412,"Crane River Brewpub and Cafe","United States"
"409",413,"Crescent City Brewhouse","United States"
"410",414,"Crested Butte Brewery &  Pub","United States"
"411",415,"Cricket Hill","United States"
"412",416,"Crooked River Brewing","United States"
"413",417,"Crooked Waters Brewing","United States"
"414",418,"Cropton Brewery","United Kingdom"
"415",1420,"Devil's Canyon","United States"
"416",420,"Cucapa Brewing Company","Mexico"
"417",421,"Cugino Brewing Company","United States"
"418",422,"Cumberland Brewery","United States"
"419",423,"D.L. Geary Brewing Company","United States"
"420",424,"Daas","Belgium"
"421",425,"Daleside Brewery","United Kingdom"
"422",426,"Dark Horse Brewing Co.","United States"
"423",427,"Day Brewing","United States"
"424",428,"de dochter van de korenaar","Belgium"
"425",429,"De Friese Bierbrouwerij Us Heit","Netherlands"
"426",430,"De Halve Maan","Belgium"
"427",431,"De Leyerth Brouwerijen","Belgium"
"428",432,"De Proef Brouwerij","Belgium"
"429",433,"De Struise Brouwers","Belgium"
"430",434,"Deep Creek Brewing","United States"
"431",435,"DeGroen's Grill","United States"
"432",436,"Del Mar Stuft Pizza and Brewing","United States"
"433",437,"Delafield Brewhaus","United States"
"434",438,"Dempsey's Restaurant & Brewery","United States"
"435",439,"Denmark Brewing","United States"
"436",440,"Denver ChopHouse and Brewery","United States"
"437",441,"Deschutes Brewery","United States"
"438",442,"Desnoes & Geddes Ltd","Jamaica"
"439",443,"Devil Mountain Brewing","United States"
"440",444,"Diamond Bear Brewing Co.","United States"
"441",445,"Diamond Knot Brewery & Alehouse","United States"
"442",446,"Diamondback Brewery","United States"
"443",447,"Dick's Brewing","United States"
"444",448,"Diebels Privatbrauerei","Germany"
"445",449,"Dieu du Ciel","Canada"
"446",450,"Dillon Dam Brewery","United States"
"447",451,"Dinkelacker-Schwaben Bru","Germany"
"448",452,"Dirt Cheap Cigarettes and Beer","United States"
"449",453,"Dix Barbecue & Brewery","Canada"
"450",454,"Dixie Brewing","United States"
"451",455,"Dixon's Downtown Grill","United States"
"452",456,"Dock Street Beer","United States"
"453",457,"Dockside Brewing","Canada"
"454",458,"Doemens e.V.","Germany"
"455",459,"Dogfish Head Craft Brewery","United States"
"456",460,"Dortmunder Actien Brauerei  DAB","Germany"
"457",461,"Dostal Alley","United States"
"458",462,"Double Mountain Brewery & Taproom","United States"
"459",463,"Dragonmead Microbrewery","United States"
"460",464,"Drake's Brewing","United States"
"461",465,"Dreher Srgyrak Zrt.","Hungary"
"462",466,"Dry Gulch Brewing","United States"
"463",467,"Dublin Brewing","Ireland"
"464",468,"Dubuque Brewing and Bottling","United States"
"465",469,"Duck-Rabbit Craft Brewery","United States"
"466",470,"DuClaw","United States"
"467",471,"Dunedin Brewery","United States"
"468",472,"Duneland Brewhouse Pub and Restaurant","United States"
"469",473,"Duvel Moortgat","Belgium"
"470",474,"Dux de Lux","New Zealand"
"471",475,"Eagle Brewing","United States"
"472",476,"East End Brewing Company","United States"
"473",477,"Eastern Shore Brewing","United States"
"474",478,"Eddie McStiff's Brewpub","United States"
"475",479,"Edelweissbrauerei Farny","Germany"
"476",480,"Eder & Heylands","Germany"
"477",481,"Eel River Brewing","United States"
"478",482,"Efes Moscow Brewery","Russia"
"479",483,"Egan Brewing","United States"
"480",484,"Einbecker Brauhaus AG","Germany"
"481",485,"EJ Phair Brewing Company and Alehouse","United States"
"482",486,"el ahram company","Egypt"
"483",487,"El Toro Brewing Company","United States"
"484",488,"Eldridge, Pope and Co.","United Kingdom"
"485",489,"Elgood & Sons","United Kingdom"
"486",490,"Elk Creek Cafe and Aleworks","United States"
"487",491,"Elk Grove Brewery & Restaurant","United States"
"488",492,"Ellersick Brewing Big E Ales","United States"
"489",493,"Ellicott Mills Brewing","United States"
"490",494,"Elliott Bay Brewery and Pub","United States"
"491",495,"Elm City Brewing Co","United States"
"492",496,"Elysian Brewery & Public House","United States"
"493",497,"Elysian Brewing - TangleTown","United States"
"494",498,"Emerson Brewing","New Zealand"
"495",499,"Emery Pub","United States"
"496",500,"Emmett's Tavern and Brewery","United States"
"497",501,"Empyrean Brewing Company","United States"
"498",502,"EndeHouse Brewery and Restaurant","United States"
"499",503,"Engel Brauerei Schwbisch Gmnd Lang","Germany"
"500",504,"Engine House #9","United States"
"501",505,"English Ales Brewery","United States"
"502",506,"Epic Brewing Company","New Zealand"
"503",507,"Erie Brewing Company","United States"
"504",508,"Esser's Cross Plains Brewery","United States"
"505",509,"Estes Park Brewery","United States"
"506",510,"Etna Brewing","United States"
"507",511,"Ettaler Klosterbetriebe Abteilung Brauerei & Destillerie","Germany"
"508",512,"F.X. Matt Brewing","United States"
"509",513,"Far West Ireland Brewing","United States"
"510",514,"Fauerbach Brewing Company","United States"
"511",515,"Faultline Brewing #1","United States"
"512",516,"Faultline Brewing #2","United States"
"513",517,"Federation Brewery","United Kingdom"
"514",518,"FeldschlÃ¶ÃŸchen AG","Germany"
"515",519,"Felinfoel Brewery Co Ltd","United Kingdom"
"516",520,"Fifty Fifty Brewing Co.","United States"
"517",521,"Firehouse Brewery & Restaurant","United States"
"518",522,"Firehouse Brewing","United States"
"519",523,"Firehouse Grill & Brewery","United States"
"520",524,"Firestone Walker Brewing Company","United States"
"521",525,"First Coast Brewing","United States"
"522",526,"Fish Brewing Company & Fish Tail Brewpub","United States"
"523",527,"Fitger's Brewhouse, Brewery and Grill","United States"
"524",528,"Fitzpatrick's Brewing","United States"
"525",529,"Flagstaff Brewing","United States"
"526",530,"Flat Branch Pub & Brewing","United States"
"527",531,"Flat Earth Brewing Company","United States"
"528",532,"Flatlander's Restaurant & Brewery","United States"
"529",534,"Flensburger Brauerei","Germany"
"530",535,"Florida Beer Company","United States"
"531",536,"Flossmoor Station Brewery","United States"
"532",537,"Flour City Brewing","United States"
"533",538,"Flyers Restraunt and Brewery","United States"
"534",539,"Flying Bison Brewing","United States"
"535",540,"Flying Dog Brewery","United States"
"536",541,"Flying Fish Brewing Company","United States"
"537",542,"Folx-les-Caves","Belgium"
"538",543,"Foothills Brewing Company","United States"
"539",544,"Fordham Brewing","United States"
"540",545,"Fort Collins Brewery","United States"
"541",546,"Foster's Australia Ltd.","Australia"
"542",547,"Fosters Tien Gang","Viet Nam"
"543",548,"Founder's Restaurant & Brewing","United States"
"544",549,"Founders Brewing","United States"
"545",550,"Founders Hill Brewing","United States"
"546",551,"Four Peaks Brewing","United States"
"547",552,"Fox River Brewing #1","United States"
"548",553,"Fratellos Restaurant and Brewery","United States"
"549",554,"Frederic Robinson Ltd.","United Kingdom"
"550",555,"Frederick Brewing","United States"
"551",556,"Free State Brewing","United States"
"552",557,"Freeminer Brewery","United Kingdom"
"553",558,"Friesisches Brauhaus zu Jever","Germany"
"554",559,"Front Street Brewery","United States"
"555",560,"Frontwaters Restaurant and Brewing","United States"
"556",561,"Frstliche Brauerei Thurn Und Taxis Regensburg","Germany"
"557",562,"Full Sail Brewing #1","United States"
"558",563,"Fuller, Smith & Turner PBC","United Kingdom"
"559",564,"FÃ¼rstlich FÃ¼rstenbergische Brauerei","Germany"
"560",565,"G. Heileman Brewing","United States"
"561",566,"Gaslight Brewery","United States"
"562",567,"Gasthaus & Gosebrauerei Bayerischer Bahnhof","Germany"
"563",568,"Gasthaus-Brauerei Max & Moritz","Germany"
"564",569,"Gasthof-Brauerei zum Frohsinn","Switzerland"
"565",570,"Gatz Brauhaus","Germany"
"566",571,"George Bateman and Son Ltd.","United Kingdom"
"567",572,"George Gale & Company","United Kingdom"
"568",573,"Gilde Brauerei","Germany"
"569",574,"Glacial Lakes Brewing","United States"
"570",575,"Glacier Brewhouse","United States"
"571",576,"Glen Ellyn Sports Brew","United States"
"572",577,"Glenwood Canyon Brewing Company","United States"
"573",578,"Gold Coast Brewery","Australia"
"574",579,"Gold Crown Brewing","Canada"
"575",580,"Golden City Brewery","United States"
"576",581,"Golden Gate Park Brewery","United States"
"577",582,"Golden Pacific Brewing","United States"
"578",583,"Golden Prairie Brewing","United States"
"579",584,"Golden Valley Brewery and Pub","United States"
"580",585,"Goose Island Beer Company - Clybourn","United States"
"581",586,"Goose Island Beer Company - Fulton Street","United States"
"582",587,"Gordash Brewing Company","United States"
"583",588,"Gordon Biersch Brewing","United States"
"584",589,"Gore Range Brewery","United States"
"585",590,"Gottberg Brew Pub","United States"
"586",591,"Govnor's Public House","United States"
"587",592,"Grand Lake Brewing","United States"
"588",593,"Grand Teton Brewing #1","United States"
"589",594,"Grand Teton Brewing #2","United States"
"590",595,"Granite City Food & Brewery - Omaha","United States"
"591",596,"Granite City Food & Brewery - Saint Cloud","United States"
"592",597,"Granville Island Brewing","Canada"
"593",598,"Granville Island Brewing Company","Canada"
"594",599,"Gray Brewing","United States"
"595",600,"Great Basin Brewing Company","United States"
"596",601,"Great Bear Brewing","United States"
"597",602,"Great Dane Pub and Brewing #1","United States"
"598",603,"Great Dane Pub and Brewing #2","United States"
"599",604,"Great Divide Brewing","United States"
"600",605,"Great Lakes Brewing","United States"
"601",606,"Great Northern Tavern and Brewery","United States"
"602",607,"Great Waters Brewing Company","United States"
"603",608,"Green Bay Brewing","United States"
"604",609,"Green Flash Brewing","United States"
"605",610,"Green Mill Brewing - Saint Paul","United States"
"606",611,"Green Mountain Beverage","United States"
"607",612,"Greene King","United Kingdom"
"608",613,"Greenshields Brewery and Pub","United States"
"609",614,"Grizzly Bay Brewing","United States"
"610",615,"Grizzly Peak Brewing","United States"
"611",616,"Grolsche Bierbrouwerij","Netherlands"
"612",617,"Grumpy Troll Restaurant and Brewery","United States"
"613",618,"Grupo Modelo","Mexico"
"614",619,"Gulpener Bierbrouwerij","Netherlands"
"615",620,"Haarlems Biergenootschap Jopen","Netherlands"
"616",621,"Hacker-Pschorr Bru","Germany"
"617",622,"Hair of the Dog Brewing","United States"
"618",623,"Hale's Ales #3","United States"
"619",624,"Half Moon Bay Brewing","United States"
"620",625,"Ham's Restaurant and Brewhouse","United States"
"621",626,"Hambleton Ales","United Kingdom"
"622",627,"Hampshire Brewery","United Kingdom"
"623",628,"Hannen Brauerei","Germany"
"624",629,"Hansa Bryggeri","Norway"
"625",630,"Hanssens Artisanal","Belgium"
"626",631,"Hapa*s Brew Haus and Restaurant","United States"
"627",632,"Harbor City Brewing","United States"
"628",633,"Harmon Brewing Company","United States"
"629",634,"Harpoon Brewery - Boston","United States"
"630",635,"Harpoon Brewery - Windsor","United States"
"631",636,"Harvest Moon Brewery / Cafe","United States"
"632",637,"Harvey & Son (Lewes)","United Kingdom"
"633",638,"Harviestoun Brewery","United Kingdom"
"634",639,"Hasserder Brauerei","Germany"
"635",640,"Hausbrauerei Zum Schlssel","Germany"
"636",641,"Hawks Brewing","United States"
"637",642,"HC Berger Brewing","United States"
"638",643,"Heartland Brewery Union Square","United States"
"639",644,"Heavenly Daze Brewery and Grill","United States"
"640",645,"Heavyweight Brewing","United States"
"641",646,"Heineken HungÃ¡ria","Hungary"
"642",647,"Heineken International","Netherlands"
"643",648,"Heineken Ireland","Ireland"
"644",649,"Heineken Switzerland","Switzerland"
"645",650,"Heller Bru Trum","Germany"
"646",651,"Hereford & Hops Restaurant and Brewpub #1","United States"
"647",652,"Hereford & Hops Steakhouse and Brewpub #3","United States"
"648",653,"Herkimer Pub & Brewery","United States"
"649",654,"Hida Takayama Brewing Agricultural Company","Japan"
"650",655,"High Desert Brewing Co.","United States"
"651",656,"High Falls Brewing","United States"
"652",657,"High Point Wheat Beer Company","United States"
"653",658,"Highland Brewing Company","United States"
"654",659,"Hirschbru Privatbrauerei Hss","Germany"
"655",660,"Hite Brewery","Korea, Republic of"
"656",661,"Hochstiftliches Brauhaus in Bayern","Germany"
"657",662,"Hoepfner Privatbrauerei","Germany"
"658",663,"Hofbru Kaltenhausen Salzachtal","Austria"
"659",664,"Hofbruhaus Traunstein","Germany"
"660",665,"Hoffbrau Steaks Brewery #1","United States"
"661",666,"Hoffbrau Steaks Brewery #2","United States"
"662",667,"Hofmark Brauerei","Germany"
"663",668,"Holsten-Brauerei","Germany"
"664",669,"Hook & Ladder Brewing Company","United States"
"665",670,"Hook Norton Brewery","United Kingdom"
"666",671,"Hop Back Brewery","United Kingdom"
"667",672,"Hoppers Seafood & Grill","United States"
"668",673,"Hoppin Frog Brewery","United States"
"669",674,"Hoppy Brewing Company","United States"
"670",675,"Hops Grillhouse & Brewery - Cherry Creek","United States"
"671",676,"Hops Haven Brew Haus","United States"
"672",677,"HopTown Brewing","United States"
"673",678,"Hopworks Urban Brewery","United States"
"674",679,"Hornsby's Pubdrafts Ltd.","United States"
"675",680,"HP Bulmer","United Kingdom"
"676",681,"Htt-Brauerei Bettenhuser","Germany"
"677",682,"Hubcap Brewery and Kitchen","United States"
"678",683,"Hudepohl-Schoenling Brewing","United States"
"679",684,"Hue Brewery","Viet Nam"
"680",1419,"Uehara Shuzou Co. Ltd. / Echigo Beer Pub","Japan"
"681",686,"Humboldt Brewing","United States"
"682",687,"ICOBES b.v.b.a.","Belgium"
"683",688,"Idaho Brewing","United States"
"684",689,"Illinois Brewing","United States"
"685",690,"InBev","Belgium"
"686",691,"Independence Brew Pub","United States"
"687",692,"Independence Brewing Co","United States"
"688",693,"Indian Wells Brewing","United States"
"689",694,"Industrias La Constancia ILC","El Salvador"
"690",695,"Industrija Piva I Sokova Trebjesa","Serbia and Montenegro"
"691",696,"Inveralmond Brewery","United Kingdom"
"692",697,"Irish Brewing Company","Ireland"
"693",698,"Iron City Brewing Co.","United States"
"694",699,"Iron Hill Brewery - Newark","United States"
"695",700,"Iron Hill Brewery - Wilmingon","United States"
"696",701,"Iron Springs Pub & Brewery","United States"
"697",702,"Island Brewing Company","United States"
"698",703,"Isle of Skye Brewing Company","United Kingdom"
"699",704,"Issaquah Brewhouse","United States"
"700",705,"Ithaca Beer Company","United States"
"701",706,"Jack Russell Brewing","United States"
"702",707,"Jack's Brewing","United States"
"703",708,"Jacob Leinenkugel Brewing Company","United States"
"704",709,"Jaipur Restaurant and Brewpub","United States"
"705",710,"James Page Brewing","United States"
"706",711,"Jarre Creek Ranch Brewing","United States"
"707",712,"Jasper Ridge Brewery","United States"
"708",713,"Jennings Brewery","United Kingdom"
"709",714,"Jever Brewery","Germany"
"710",715,"Jinro Coors Brewing","Korea, Republic of"
"711",716,"JJ Bitting Brewing","United States"
"712",717,"Jobber's Canyon Restaurant & Brewery","United States"
"713",718,"JoBoy's Brew Pub","United States"
"714",719,"John Harvard's Brew House - Framingham","United States"
"715",720,"John Harvard's Brew House - Harvard Square","United States"
"716",721,"John Harvard's Brewhouse - Wilmington","United States"
"717",722,"John Martin sa","Belgium"
"718",723,"Jolly Pumpkin Artisan Ales","United States"
"719",724,"Joshua Huddy's Brew Pub and Grill","United States"
"720",725,"JT Whitney's Brewpub and Eatery","United States"
"721",726,"Jurupa Valley Brewing","United States"
"722",727,"JW Lees and Co (Brewers) Ltd.","United Kingdom"
"723",728,"Kaiser-Bru","Germany"
"724",729,"Kaiserdom Privatbrauerei Bamberg","Germany"
"725",730,"Kalamazoo Brewing","United States"
"726",731,"Karl Strauss Brewery Gardens - Sorrento Mesa","United States"
"727",732,"Karlovacka Pivovara","Croatia"
"728",733,"Keesmann Bru","Germany"
"729",734,"Keg Microbrewery & Restaurant","United States"
"730",735,"Keihan Uji Kotsu","Japan"
"731",736,"Kelmer's Brewhouse","United States"
"732",737,"Kentucky Hemp Beer Company","United States"
"733",738,"Kenya Breweries","Kenya"
"734",739,"Kessler Brewing","United States"
"735",740,"King and Barnes","United Kingdom"
"736",741,"Kirin Brewery Company, Ltd","Japan"
"737",742,"Kiuchi Shuzou Goushi Kaisya","Japan"
"738",743,"Kleinbrouwerij de Glazen Toren","Belgium"
"739",744,"Klosterbrauerei Neuzelle","Germany"
"740",745,"Klosterbrauerei Weltenburg","Germany"
"741",746,"Klosterbru Bamberg","Germany"
"742",747,"Knig Brauerei","Germany"
"743",748,"Knig Ludwig Schlobrauerei Kaltenberg","Germany"
"744",749,"Knigsbacher Brauerei","Germany"
"745",750,"Knigsegger WalderBru","Germany"
"746",751,"Kona Brewing","United States"
"747",752,"KÃ¶stritzer Schwarzbierbrauerei","Germany"
"748",753,"KrÃ¡lovskÃ½ pivovar KruÅ¡ovice","Czech Republic"
"749",754,"Krogh's Restaurant and Brewpub","United States"
"750",755,"Kross Brewing","United States"
"751",756,"Kuhnhenn Brewing","United States"
"752",757,"Kulmbacher Brauerei AG","Germany"
"753",758,"Kulmbacher Mnchshof Bru","Germany"
"754",759,"La Jolla Brew House","United States"
"755",760,"La Jolla Brewing","United States"
"756",761,"Labatt / Keith's Brewery / Oland Breweries","Canada"
"757",762,"Labatt Ontario Breweries","Canada"
"758",763,"LaConner Brewing","United States"
"759",764,"Lafayette Brewing","United States"
"760",765,"Lagunitas Brewing Company","United States"
"761",766,"Lake Louie Brewing","United States"
"762",767,"Lake Placid Pub & Brewery","United States"
"763",768,"Lake Superior Brewing","United States"
"764",769,"Lakefront Brewery","United States"
"765",770,"Lammin Sahti Oy","Finland"
"766",771,"Lancaster Brewing Co.","United States"
"767",772,"Lanchester Brewing","United Kingdom"
"768",773,"Lang Creek Brewry","United States"
"769",774,"Latrobe Brewing","United States"
"770",775,"Laughing Dog Brewing","United States"
"771",776,"Lazy Magnolia Brewing Company","United States"
"772",777,"Le Cheval Blanc","Canada"
"773",778,"Left Coast Brewing","United States"
"774",779,"Left Hand Brewing Company","United States"
"775",780,"Legacy Brewing Co.","United States"
"776",781,"Legends Brewhouse & Eatery of Green Bay","United States"
"777",782,"Leinenkugel's Ballyard Brewery","United States"
"778",783,"Lewis & Clark Brewing Company","United States"
"779",784,"Liberty Steakhouse and Brewery","United States"
"780",785,"Licher Privatbrauerei","Germany"
"781",786,"Liefmans Breweries","Belgium"
"782",787,"Lift Bridge Brewery","United States"
"783",788,"Lighthouse Brewing","Canada"
"784",789,"Lightning Boy Brewery","United States"
"785",790,"Limburg Beer Company","New Zealand"
"786",791,"Lion Brewery Ceylon Ltd.","Sri Lanka"
"787",792,"Lion Brewery Inc.","United States"
"788",793,"Lion Nathan Australia  Hunter Street","Australia"
"789",794,"Listermann Brewing Company","United States"
"790",795,"Little Apple Brewing","United States"
"791",796,"Little Creatures Brewery","Australia"
"792",797,"Live Oak Brewing","United States"
"793",798,"Loaf and Stein Brewing","United States"
"794",799,"Lobkowiczk Pivovar Vysok Chlumec","Czech Republic"
"795",800,"Logjam Microbrewery","United States"
"796",801,"Long Trail Brewing Co","United States"
"797",802,"Long Valley Pub & Brewery","United States"
"798",803,"Lost Coast Brewery","United States"
"799",804,"LÃ¶wenbrÃ¤u Brauerei","Germany"
"800",805,"Lwenbru Munich","Canada"
"801",806,"Lwenbru Zrich","Switzerland"
"802",807,"Maclay and Co.","United Kingdom"
"803",808,"Mad Anthony Brewing","United States"
"804",809,"Mad Crab Restaurant and Brewery","United States"
"805",810,"Mad River Brewing","United States"
"806",811,"Mad River Brewing Company","United States"
"807",812,"Magic Hat","United States"
"808",813,"Magnolia Pub and Brewery","United States"
"809",814,"Main Street Alehouse","United States"
"810",815,"Main Street Beer Company #1","United States"
"811",816,"Main Street Brewery","United States"
"812",817,"Main Street Brewing","United States"
"813",818,"Main Street Station Casino, Brewery and Hotel","United States"
"814",819,"Maisel Bru","Germany"
"815",820,"Malt Shovel Brewery","Australia"
"816",821,"Mambo Beer","United States"
"817",822,"Mammoth Brewing","United States"
"818",823,"Manayunk Brewery and Restaurant","United States"
"819",824,"Manhattan Beach Brewing","United States"
"820",825,"Marble Brewery","United States"
"821",826,"Margaritaville Brewing Company","United States"
"822",827,"Marin Brewing","United States"
"823",828,"Marine Pub & Brewhouse","Canada"
"824",829,"Maritime Pacific Brewing","United States"
"825",830,"Marquette Harbor Brewery and Restaurant","United States"
"826",831,"Marshall Brewing Company","United States"
"827",832,"Martini-Brauerei","Germany"
"828",833,"Marzoni's Brick Oven & Brewing Co","United States"
"829",834,"Mash House Restaurant and Brewery","United States"
"830",835,"Matilda Bay Brewing","Australia"
"831",836,"Maui Brewing Co.","United States"
"832",837,"Maumee Bay Brewing","United States"
"833",838,"McCashin's Brewery & Malthouse","New Zealand"
"834",839,"McCoy's Public House and Brewkitchen","United States"
"835",840,"McGuire's Irish Pub and Brewery - Pensacola","United States"
"836",841,"McKenzie Brew House","United States"
"837",842,"McMenamins Mill Creek","United States"
"838",843,"McMullen & Sons","United Kingdom"
"839",844,"Meantime Brewing Company Limited","United Kingdom"
"840",845,"Meckatzer Lwenbru","Germany"
"841",846,"Mehana Brewing","United States"
"842",847,"Mendocino Brewing - Hopland","United States"
"843",848,"Mendocino Brewing - Saratoga Springs","United States"
"844",849,"Mendocino Brewing - Ukiah","United States"
"845",850,"Mercury Brewing Company","United States"
"846",851,"Metropolitan Brewing","United States"
"847",852,"Mia and Pia's Pizzeria and Brewhouse","United States"
"848",853,"Michigan Brewing","United States"
"849",854,"Mickey Finn's Brewery","United States"
"850",855,"Mickey's Brewing Co.","United States"
"851",856,"Microbrouwerij Achilles","Belgium"
"852",857,"Middle Ages Brewing","United States"
"853",858,"Midnight Sun Brewing Co.","United States"
"854",859,"Mikkeller","Denmark"
"855",860,"Milagro Brewery and Grill","United States"
"856",861,"Mill Creek Brewpub","United States"
"857",862,"Mill Steakhouse","United States"
"858",863,"Miller Brewing","United States"
"859",864,"Millrose Brewing","United States"
"860",865,"Millstream Brewing","United States"
"861",866,"Milly's Tavern","United States"
"862",867,"Milwaukee Ale House","United States"
"863",868,"Minhas Craft Brewery","United States"
"864",869,"Minneapolis Town Hall Brewery","United States"
"865",870,"Minnesota Brewing","United States"
"866",871,"Minocqua Brewing Company","United States"
"867",872,"Mishawaka Brewing","United States"
"868",873,"Mission Springs Brewing","Canada"
"869",874,"Mississippi Brewing Co.","United States"
"870",875,"Moab Brewery","United States"
"871",876,"Mogollon Brewing Company","United States"
"872",877,"Mohrenbrauerei August Huber","Austria"
"873",878,"Molson Breweries of Canada","Canada"
"874",879,"Montana Brewing","United States"
"875",880,"Monte Carlo Casino and Brewpub","United States"
"876",881,"Monteith's Brewing Co.","New Zealand"
"877",882,"Moon River Brewing Company","United States"
"878",883,"Moonlight Brewing","United States"
"879",884,"Moorhouse's Brewery (Burnley)","United Kingdom"
"880",885,"Moose's Tooth Pub and Pizzeria","United States"
"881",886,"Moosehead Breweries","Canada"
"882",887,"Moosehead Breweries Ltd.","Canada"
"883",888,"Moosejaw Pizza & Dells Brewing Company","United States"
"884",889,"Mordue Brewery","United Kingdom"
"885",890,"Morland and Co.","United Kingdom"
"886",891,"Mountain Sun Pub & Brewery","United States"
"887",892,"Moylan's Brewery & Restaurant","United States"
"888",893,"moylans Brewing company","United States"
"889",894,"Mudshark Brewing","United States"
"890",895,"Murphy's Wagon Wheel","United States"
"891",896,"Mussel Inn","New Zealand"
"892",897,"Myanmar Brewery and Distillery","Myanmar"
"893",898,"Mythos Breweries S.A.","Greece"
"894",899,"Namaqua Brewing","United States"
"895",900,"Namibia Breweries","Namibia"
"896",901,"Nebraska Brewing Company","United States"
"897",902,"Nelson Brewing","Canada"
"898",903,"Nethergate Brewery Co Ltd","United Kingdom"
"899",904,"New Albanian Brewing","United States"
"900",905,"New Belgium Brewing","United States"
"901",906,"New Century Brewing Company","United States"
"902",907,"New Glarus Brewing Company","United States"
"903",908,"New Holland Brewing Company","United States"
"904",909,"New River Brewing","United States"
"905",910,"New Road Brewhouse","United States"
"906",911,"New Zealand Breweries Limited","New Zealand"
"907",912,"Niagara Falls Brewing","Canada"
"908",913,"Nicolet Brewing","United States"
"909",914,"Nikenjayamochi Kadoya Honten Co.","Japan"
"910",915,"Ninkasi Brewing","United States"
"911",916,"Nodding Head Brewpub","United States"
"912",917,"Nor'Wester Brewery and Public House","United States"
"913",918,"Nordsj Grdsbryggeri","Sweden"
"914",919,"North Coast Brewing Company","United States"
"915",920,"North Country Brewery","United States"
"916",921,"Northwest Brewwrks","United States"
"917",922,"Northwoods Brewpub Grill","United States"
"918",923,"NÃ¸gne Ã˜ - Det KompromisslÃ¸se Bryggeri A/S","Norway"
"919",924,"O'Fallon Brewery","United States"
"920",925,"O'Gara's Bar & Grill","United States"
"921",926,"O'Grady's Brewery and Pub #1","United States"
"922",927,"O'Hanlon's Brewing Company Ltd.","United Kingdom"
"923",928,"O'Hara's Brewpub and Restaurant","United States"
"924",929,"Oak Creek Brewery","United States"
"925",930,"Oaken Barrel Brewing","United States"
"926",931,"Oakham Ales","United Kingdom"
"927",932,"Oasis Brewery and Restaurant","United States"
"928",933,"Oasis Brewery Annex","United States"
"929",934,"Oconomowoc Brewing","United States"
"930",935,"Odell Brewing","United States"
"931",936,"Oggi's Pizza and Brewing - Vista","United States"
"932",937,"Ohio Brewing","United States"
"933",938,"Okanagan Spring Brewery","Canada"
"934",939,"Old City Brewing","United States"
"935",940,"Old Dominion Brewing Co.","United States"
"936",941,"Old Hat Brewery","United States"
"937",942,"Olde Main Brewing","United States"
"938",943,"Olde Peninsula Brewpub and Restaurant","United States"
"939",944,"Oldenberg Brewery","United States"
"940",945,"On Tap Bistro & Brewery","United States"
"941",946,"Onion Pub & Brewery","United States"
"942",947,"Onopa Brewing","United States"
"943",948,"Orchard Street Brewery","United States"
"944",949,"Oregon Trader Brewing","United States"
"945",950,"Oregon Trail Brewery","United States"
"946",951,"Oriental Brewery","Korea, Republic of"
"947",952,"Original Basil T's","United States"
"948",953,"Orkney Brewery","United Kingdom"
"949",954,"Orlando Brewing","United States"
"950",955,"Orlio Organic","United States"
"951",956,"Oskar Blues Grill and Brew","United States"
"952",957,"Ostankinskij Pivovarennij Zavod","Russia"
"953",958,"Ottakringer Brauerei AG","Austria"
"954",959,"Otter Creek Brewing & Wolaver's Organic Ales","United States"
"955",960,"Otto's Pub and Brewery","United States"
"956",961,"Oy Sinebrychoff AB","Finland"
"957",962,"Oyster Bar Bistro and Brewery","United States"
"958",963,"Pabst Brewing Company","United States"
"959",964,"Pacific Beach Brewhouse","United States"
"960",965,"Pacific Coast Brewing","United States"
"961",966,"Pacific Rim Brewing","United States"
"962",967,"Palm Breweries","Belgium"
"963",968,"Palmetto Brewing","United States"
"964",969,"Panther Brewing Company","United States"
"965",970,"Paper City Brewing Company","United States"
"966",971,"Park City Brewing","United States"
"967",972,"Paulaner","Germany"
"968",973,"Pearl Street Brewery","United States"
"969",974,"Pelican Pub & Brewery","United States"
"970",975,"Penn Brewery","United States"
"971",976,"Pennichuck Brewing Company","United States"
"972",977,"Pennsylvania Brewing","United States"
"973",978,"Pete's Brewing","United States"
"974",979,"Pete's Place","United States"
"975",980,"PH Woods Diner and Brewery","United States"
"976",981,"Philadelphia Brewing Co","United States"
"977",982,"Phoenix Beverages Ltd","Mauritius"
"978",983,"Piece","United States"
"979",984,"Pike Pub and Brewery","United States"
"980",985,"Pinehurst Village Brewery","United States"
"981",986,"Pinnacle Peak Patio Steakhouse & Microbrewery","United States"
"982",987,"Pint's Pub Brewery and Freehouse","United States"
"983",988,"Pivara Skopje","Macedonia, the Former Yugoslav Republic of"
"984",989,"Pivovar Herold Beznice","Czech Republic"
"985",990,"Pivovar Hradec Krlov","Czech Republic"
"986",991,"Pivovar Klter Hradit","Czech Republic"
"987",992,"Pivovar Nchod","Czech Republic"
"988",993,"Pivovar Pardubice a.s.","Czech Republic"
"989",994,"Pivovar Podkov","Czech Republic"
"990",995,"Pivovar Starobrno","Czech Republic"
"991",996,"Pivovar v Hurbanove","Slovakia"
"992",997,"Pivovar Velk Popovice","Czech Republic"
"993",998,"Pivovary Staropramen","Czech Republic"
"994",999,"Pivzavod Baltika /","Russia"
"995",1000,"Pizza Beer","United States"
"996",1001,"Pizza Port Brewing - Solana Beach","United States"
"997",1002,"Pizzeria Uno Chicago Grill & Brewery","United States"
"998",1003,"Platte Valley Brewing","United States"
"999",1004,"Pleasanton Main Street Brewery","United States"
"1000",1005,"Plzesk Prazdroj","Czech Republic"
"1001",1006,"Plzesk Prazdroj Pivovar Radegast","Czech Republic"
"1002",1007,"Pokka Beer Works","Japan"
"1003",1008,"Pony Express Brewing","United States"
"1004",1009,"Port Brewing Company","United States"
"1005",1010,"Port Washington Brewing","United States"
"1006",1011,"Porterhouse Restaurant and Brewpub","United States"
"1007",1012,"Portland Brewing","United States"
"1008",1013,"Portsmouth Brewery","United States"
"1009",1014,"Prairie Rock Brewing - Elgin","United States"
"1010",1015,"Prescott Brewing Company","United States"
"1011",1016,"Pripps Ringnes Bryggerier","Sweden"
"1012",1017,"Privat-Brauerei Schmucker Ober-Mossau KG","Germany"
"1013",1018,"Privatbrauerei Bolten","Germany"
"1014",1019,"Privatbrauerei Erdinger Weissbru","Germany"
"1015",1020,"Privatbrauerei Frankenheim","Germany"
"1016",1021,"Privatbrauerei Gaffel","Germany"
"1017",1022,"Privatbrauerei Hofmhl","Germany"
"1018",1023,"Private Weissbierbrauerei G. Schneider & Sohn GmbH","Germany"
"1019",1024,"Privater Brauereigasthof Greifenklau","Germany"
"1020",1025,"Pug Ryan's Steakhouse and Brewery","United States"
"1021",1026,"Pugsley Brewing LLC","United States"
"1022",1027,"Pumphouse Brewery & Restaurant","United States"
"1023",1028,"Pumphouse Pizza and Brewing","United States"
"1024",1029,"Pyramid Alehouse, Brewery and Restaurant - Berkeley","United States"
"1025",1030,"Pyramid Alehouse, Brewery and Restaurant - Seattle","United States"
"1026",1031,"Pyramid Ales Brewery","United States"
"1027",1032,"Qingdao Brewery","China"
"1028",1033,"Quigleys","United States"
"1029",1034,"R&B; Brewing","Canada"
"1030",1035,"Raccoon Lodge and Brewpub / Cascade Brewing","United States"
"1031",1036,"Raccoon River Brewing","United States"
"1032",1037,"Radeberger Exportbierbrauerei","Germany"
"1033",1038,"Rahr & Sons Brewing Company","United States"
"1034",1039,"Rail House Restaurant and Brewpub","United States"
"1035",1040,"Railway Brewing","United States"
"1036",1041,"Ramapo Valley Brewery","United States"
"1037",1042,"Randy's Fun Hunters Brewery Restaurant and Banquet Center","United States"
"1038",1043,"RCH Brewery","United Kingdom"
"1039",1044,"Real Ale Brewing Company","United States"
"1040",1045,"ReaperAle","United States"
"1041",1046,"Red Kettle Brewing","United States"
"1042",1047,"Red Lodge Ales","United States"
"1043",1048,"Red Oak Brewery","United States"
"1044",1049,"Red Star Brewery & Grille","United States"
"1045",1050,"RedFish New Orleans Brewhouse","United States"
"1046",1051,"Redhook Ale Brewery","United States"
"1047",1052,"Remington Watson Smith Brewing","United States"
"1048",1053,"Restaurant Isarbru","Germany"
"1049",1054,"Revolution Brewing LLC","United States"
"1050",1055,"Richbrau Brewing Company","United States"
"1051",1056,"Ridgeway Brewing","United Kingdom"
"1052",1057,"Rio Salado Brewing","United States"
"1053",1058,"River Horse Brewing Company","United States"
"1054",1059,"River West Brewing","United States"
"1055",1060,"Rivers Effortless Dining","United States"
"1056",1061,"Rivertowne Pour House","United States"
"1057",1062,"Rock Art Brewery","United States"
"1058",1063,"Rock Bottom Restaurant & Brewery - Chicago","United States"
"1059",1064,"Rock Bottom Restaurant & Brewery - Denver","United States"
"1060",1065,"Rock Bottom Restaurant & Brewery - Milwaukee","United States"
"1061",1066,"Rock Bottom Restaurant & Brewery - Minneapolis","United States"
"1062",1067,"Rock Bottom Restaurant & Brewery - San Jose","United States"
"1063",1068,"Rock Bottom Restaurant & Brewery - South Denver","United States"
"1064",1069,"Rocky River Brewing","United States"
"1065",1070,"Rockyard Brewing","United States"
"1066",1071,"Roffey Brewery","United States"
"1067",1072,"Rogue Ales","United States"
"1068",1073,"ronald mengerink","Belgium"
"1069",1074,"Roost Brewery","United States"
"1070",1075,"Roots Organic Brewing","United States"
"1071",1076,"Ross Valley Brewing","United States"
"1072",1077,"Rothaus Brauerei","United States"
"1073",1078,"Route 66 Brewery","United States"
"1074",1079,"Routh Street Brewery and Grille","United States"
"1075",1080,"Rowland's Calumet Brewery","United States"
"1076",1081,"Roy Pitz Brewing Company","United States"
"1077",1082,"Rubicon Brewing","United States"
"1078",1083,"Ruppaner-Brauerei","Germany"
"1079",1084,"Rush River Brewing","United States"
"1080",1085,"Russell Brewing","Canada"
"1081",1086,"Russian River Brewing","United States"
"1082",1087,"S.A. Damm","Spain"
"1083",1088,"SA Brain & Co. Ltd.","United Kingdom"
"1084",1089,"Sabmiller India,","India"
"1085",1090,"Sacramento Brewing Company","United States"
"1086",1091,"Saint Arnold Brewing","United States"
"1087",1092,"Saint Louis Brewery / Schlafy Tap Room","United States"
"1088",1093,"Saint Somewhere Brewing Company","United States"
"1089",1094,"Saku lletehas","Estonia"
"1090",1095,"Salado Creek Brewing Company","United States"
"1091",1096,"Salopian Brewery","United Kingdom"
"1092",1097,"Salt Lake Brewing - Squatters","United States"
"1093",1098,"Sam Choy's Breakfast, Lunch, Crab & Big Aloha Brewery","United States"
"1094",1099,"Samuel Smith Old Brewery (Tadcaster)","United Kingdom"
"1095",1100,"San Diego Brewing","United States"
"1096",1101,"San Marcos Brewery & Grill","United States"
"1097",1102,"San Miguel Corporation","Philippines"
"1098",1103,"Sand Creek Brewing Company","United States"
"1099",1104,"SandLot Brewery at Coors Field","United States"
"1100",1105,"Sanford's Grub and Pub","United States"
"1101",1106,"Santa Barbara Brewing","United States"
"1102",1107,"Santa Cruz Brewing","United States"
"1103",1108,"Santa Fe Brewing Company","United States"
"1104",1109,"Santa Rosa Brewing","United States"
"1105",1110,"Sapporo Breweries - Chuo","Japan"
"1106",1111,"Sarah Hughes Brewery","United Kingdom"
"1107",1112,"Saxer Brewing","United States"
"1108",1113,"Scharer's Little Brewery","Australia"
"1109",1114,"Schlobrauerei Reckendorf","Germany"
"1110",1115,"Schloss Eggenberg","Austria"
"1111",1116,"Schlossbru","Austria"
"1112",1117,"SchÃ¶fferhofer","Germany"
"1113",1118,"Schooner Brewery","United States"
"1114",1119,"Schooner's Grille & Brewery","United States"
"1115",1120,"Schussenrieder Erlebnisbrauerei","Germany"
"1116",1121,"Scotch Irish Brewing","Canada"
"1117",1122,"Scottish & Newcastle Breweries","United Kingdom"
"1118",1123,"Scottish & Newcastle PLC","United Kingdom"
"1119",1124,"Scuttlebutt Brewing","United States"
"1120",1125,"Sea Dog Brewing Company","United States"
"1121",1126,"Seabright Brewery","United States"
"1122",1127,"Second Street Brewery","United States"
"1123",1128,"Selin's Grove Brewing Co.","United States"
"1124",1129,"Sequoia Brewing Conoabt","United States"
"1125",1130,"Shaftebury Brewing","Canada"
"1126",1131,"Sharktooth Brewing","United States"
"1127",1132,"Shepherd Neame","United Kingdom"
"1128",1133,"Sherlock's Home","United States"
"1129",1134,"Ship Inn Brewpub","United States"
"1130",1135,"Shipwrecked Brew Pub","United States"
"1131",1136,"Shipyard Brewing - Portland","United States"
"1132",1137,"Shmaltz Brewing Company","United States"
"1133",1138,"Shmaltz Enterprises","United States"
"1134",1139,"Short's Brewing Company","United States"
"1135",1140,"Sierra Leone Brewery","Sierra Leone"
"1136",1141,"Sierra Madre Brewing Co.","Mexico"
"1137",1142,"Sierra Nevada Brewing Co.","United States"
"1138",1143,"Siletz Roadhouse & Brewery","United States"
"1139",1144,"Silver Gulch Brewing Company","United States"
"1140",1145,"Silverado Brewing","United States"
"1141",1146,"Simmerberg Brusttt und Taferne","Germany"
"1142",1147,"Sioux Falls Brewing","United States"
"1143",1148,"Six Rivers Brewery","United States"
"1144",1149,"Sixpoint Craft Ales","United States"
"1145",1150,"Ska Brewing Company","United States"
"1146",1151,"Skagit River Brewing","United States"
"1147",1152,"Skol Breweries","India"
"1148",1153,"Slab City Brewing","United States"
"1149",1154,"Sleeman Brewing & Malting","Canada"
"1150",1155,"Sleeping Lady Brewing Company","United States"
"1151",1156,"Slottskllans Bryggeri","Sweden"
"1152",1157,"Sly Fox Brewhouse and Eatery - Phoenixville","United States"
"1153",1158,"Sly Fox Brewhouse and Eatery - Royersford","United States"
"1154",1159,"Smoky Mountain Brewing","United States"
"1155",1160,"Smuttynose Brewing Co.","United States"
"1156",1161,"Snake River Brewing","United States"
"1157",1162,"Snipes Mountain Microbrewery & Restaurant","United States"
"1158",1163,"Snowshoe Brewing - Sonora","United States"
"1159",1164,"Sockeye","United States"
"1160",1165,"Socorro Springs Brewing","United States"
"1161",1166,"Sonoran Brewing Company","United States"
"1162",1167,"South Australian Brewing","Australia"
"1163",1168,"South County Brewing Co.","United States"
"1164",1169,"South Shore Brewery","United States"
"1165",1170,"Southampton Publick House","United States"
"1166",1171,"Southend Brewery and Smokehouse - Charleston","United States"
"1167",1172,"Southern Star Brewing Company","United States"
"1168",1173,"Southern Tier Brewing Co","United States"
"1169",1174,"357",""
"1170",1175,"Spanish Peaks Brewing","United States"
"1171",1176,"Spaten-Franziskaner-BrÃ¤u","Germany"
"1172",1177,"Speakeasy Ales and Lagers","United States"
"1173",1178,"Spilker Ales","United States"
"1174",1179,"Spoetzl Brewery","United States"
"1175",1180,"Sports City Cafe & Brewery","United States"
"1176",1181,"Sprecher Brewing","United States"
"1177",1182,"Spring House Brewing Company","United States"
"1178",1183,"Springfield Brewing","United States"
"1179",1184,"St John Brewers","United States"
"1180",1185,"St Peter's Brewery","United Kingdom"
"1181",1186,"St. Austell Brewery","United Kingdom"
"1182",1187,"St. Francis Abbey Brewery","Ireland"
"1183",1188,"St. GeorgenBru Modschiedler KG","Germany"
"1184",1189,"St. James's Gate Brewery","Ireland"
"1185",1190,"St. Stan's Brewing Co.","United States"
"1186",1191,"Staatliches HofbrÃ¤uhaus in MÃ¼nchen","Germany"
"1187",1192,"Stadsbrouwerij De Hemel","Netherlands"
"1188",1193,"Standing Stone Brewing Company","United States"
"1189",1194,"Steam Whistle Brewery","Canada"
"1190",1195,"Steamworks","Canada"
"1191",1196,"Steamworks Brewing - Durango","United States"
"1192",1197,"Steel Brewing","United States"
"1193",1198,"Steinfels Back & Brau","Switzerland"
"1194",1199,"Steve and Clark's Brew Pub and Sausage Co. #2","United States"
"1195",1200,"Stevens Point Brewery","United States"
"1196",1201,"Stewart's Brewing","United States"
"1197",1202,"Stieglbrauerei zu Salzburg GmbH","Austria"
"1198",1203,"Stillwater Artisanal Ales","United States"
"1199",1204,"Stone Brewing Co.","United States"
"1200",1205,"Stone Cellar Brewpub & Restaurant","United States"
"1201",1206,"Stone City Brewing","United States"
"1202",1207,"Stone Coast Brewing - Portland","United States"
"1203",1208,"Stonecutters Brewhouse","United States"
"1204",1209,"Stoney Creek Brewing Company","United States"
"1205",1210,"Storm Brewing","Canada"
"1206",1211,"Stoudt's Brewery","United States"
"1207",1212,"Stout Brothers Public House","United States"
"1208",1213,"Strangford Lough Brewing Company Ltd","Ireland"
"1209",1214,"Straub Brewery","United States"
"1210",1215,"Stroh Brewery Company","United States"
"1211",1216,"Sturgeon Bay Brewing","United States"
"1212",1217,"Stuttgarter Hofbru","Germany"
"1213",1218,"Sudwerk Privatbrauerei Hbsch","United States"
"1214",1219,"Sullivan's Black Forest Brew Haus & Grill","United States"
"1215",1220,"Summit Brewing","United States"
"1216",1221,"Surly Brewing","United States"
"1217",1222,"Swan Brewery","Australia"
"1218",1223,"Sweet Water Tavern and Brewery","United States"
"1219",1224,"Sweetwater Brewing - Atlanta","United States"
"1220",1225,"Sweetwater Brewing - Casper","United States"
"1221",1226,"Sweetwater Tavern - Centreville","United States"
"1222",1227,"Switchback Brewing Co","United States"
"1223",1228,"T&R; Theakston","United Kingdom"
"1224",1229,"T-Bonz Gill, Grill and Brewery","United States"
"1225",1230,"Tabernash Brewing","United States"
"1226",1231,"Tablerock","United States"
"1227",1232,"Tailgate Beer","United States"
"1228",1233,"Taiwan Tobacco and Wine Monopoly Board","Taiwan, Province of China"
"1229",1234,"Tampa Bay Brewing","United States"
"1230",1235,"Tap Room Brewing Company","United States"
"1231",1236,"Taylor Brewing","United States"
"1232",1237,"Taylor's Crossing Brewing","Canada"
"1233",1238,"Taylor's Restaurant and Brewery","United States"
"1234",1239,"Tempo","Israel"
"1235",1240,"Tenaya Creek Restaurant and Brewery","United States"
"1236",1241,"Tennent Caledonian Brewery","United Kingdom"
"1237",1242,"Terminal Gravity Brewing","United States"
"1238",1243,"Terrapin Beer Company","United States"
"1239",1244,"The Alchemist","United States"
"1240",1245,"The Blind Bat Brewery LLC","United States"
"1241",1246,"The Bruery","United States"
"1242",1247,"The Cambridge House","United States"
"1243",1248,"The Church Brew Works","United States"
"1244",1249,"The Hop Yard","United States"
"1245",1250,"The Livery","United States"
"1246",1251,"The Lost Abbey","United States"
"1247",1252,"The Narragansett Brewing Company","United States"
"1248",1253,"The Round Barn Winery & Brewery","United States"
"1249",1254,"Third Street Ale Works","United States"
"1250",1255,"Thirsty Dog Brewing","United States"
"1251",1256,"ThirstyBear Brewing","United States"
"1252",1257,"Thomas Creek Brewery","United States"
"1253",1258,"Thomas Hooker Brewing","United States"
"1254",1259,"Thomas Kemper Brewing","United States"
"1255",1260,"Three Floyds Brewing","United States"
"1256",1261,"Three Needs Brewery and Taproom","United States"
"1257",1262,"Thunder Canyon Brewery","United States"
"1258",1263,"Thunderhead Brewery","United States"
"1259",1264,"Thunderhead Brewery #2","United States"
"1260",1265,"Tied House Cafe & Brewery - San Jose","United States"
"1261",1266,"Timmermans","Belgium"
"1262",1267,"Tin Whistle Brewing","Canada"
"1263",1268,"Titletown Brewing","United States"
"1264",1269,"Tivoli Brewing","United States"
"1265",1270,"Tollemache and Cobbold Brewery","United Kingdom"
"1266",1271,"Tommyknocker Brewery and Pub","United States"
"1267",1272,"Tomos Watkin and Sons Ltd.","United Kingdom"
"1268",1273,"Tongerlo","Belgium"
"1269",1274,"Tooheys","Australia"
"1270",1275,"Tooth's","Australia"
"1271",1276,"Top of the Hill Restaurant and Brewery","United States"
"1272",1277,"Trade Winds Brewing","United States"
"1273",1278,"Traffic Jam and Snug","United States"
"1274",1279,"Trailhead Brewing Company","United States"
"1275",1280,"Trap Rock Restaurant and Brewery","United States"
"1276",1281,"Traquair House Brewery","United Kingdom"
"1277",1282,"Trinity Brewing Company","United States"
"1278",1283,"Triple Rock Brewery","United States"
"1279",1284,"Triumph Brewing of New Hope","United States"
"1280",1285,"Triumph Brewing of Princeton","United States"
"1281",1286,"Troegs Brewing","United States"
"1282",1287,"Tropical Beverage (International) Co., Ltd","Thailand"
"1283",1288,"Trout River Brewing","United States"
"1284",1289,"Tsingtao","China"
"1285",1290,"Tucher Bru","Germany"
"1286",1291,"Tui Brewery","New Zealand"
"1287",1292,"Tunner's Guild Brewing Systems","United States"
"1288",1293,"Tuppers Hop Pocket Ale","United States"
"1289",1294,"Tustin Brewing","United States"
"1290",1295,"Twin Ports Brewing","United States"
"1291",1296,"Twin Rivers Brewing","United States"
"1292",1297,"Twisted Pine Brewing Company","United States"
"1293",1298,"Two Brothers Brewing","United States"
"1294",1299,"Two Dogs Beverage Company","United States"
"1295",1300,"TwoRows Restaurant & Brewery - Dallas","United States"
"1296",1301,"Tyranena Brewing","United States"
"1297",1302,"Tyskie Browary KsiÄ…Å¼Ä™ce","Poland"
"1298",1303,"Uerige Obergrige Hausbrauerei","Germany"
"1299",1304,"Uinta Brewing Compnay","United States"
"1300",1305,"Ukiah Brewing","United States"
"1301",1306,"Umpqua Brewing","United States"
"1302",1307,"Unibroue","Canada"
"1303",1308,"Unicer","Portugal"
"1304",1309,"Union Barrel Works","United States"
"1305",1310,"Union Colony Brewery","United States"
"1306",1311,"Unionsbru Haidhausen","Germany"
"1307",1312,"United Breweries Limited","India"
"1308",1313,"Upland Brewing","United States"
"1309",1314,"Upper Mississippi Brewing","United States"
"1310",1315,"Upstream Brewing Company at Legacy","United States"
"1311",1316,"Upstream Brewing Old Market","United States"
"1312",1317,"Ushers of Trowbridge","United Kingdom"
"1313",1318,"Utah Brewers Cooperative","United States"
"1314",1319,"Utenos Alus","Lithuania"
"1315",1320,"Valley Brewing Company","United States"
"1316",1321,"Valley Forge Brewing","United States"
"1317",1322,"Van Honsebrouch","Belgium"
"1318",1323,"Vancouver Island Brewing","Canada"
"1319",1324,"Vermont Pub & Brewery","United States"
"1320",1325,"Vetterï¿½s Alt Heidelberger Brauhaus","Germany"
"1321",1326,"Victory Brewing","United States"
"1322",1327,"Viking Brewing","United States"
"1323",1328,"Vintage 50 Restaurant and Brew Lounge","United States"
"1324",1329,"Vivungs Bryggeri","Sweden"
"1325",1330,"Voodoo Brewing Co.,LLC","United States"
"1326",1331,"vyturio Alaus Darykla","Lithuania"
"1327",1332,"Wachusetts Brewing Company","United States"
"1328",1333,"Wagner Valley Brewing","United States"
"1329",1334,"Wainwright Brewing","United States"
"1330",1335,"Walking Man Brewery","United States"
"1331",1336,"Walldorff Brew Pub","United States"
"1332",1337,"Warsteiner Brauerei","Germany"
"1333",1338,"Watch City Brewing","United States"
"1334",1339,"Water Street Brewery","United States"
"1335",1340,"Water Street Lake Country","United States"
"1336",1341,"Water Tower Brewing","United States"
"1337",1342,"Watney Brewery","United Kingdom"
"1338",1343,"Watson Brothers Brewhouse","United States"
"1339",1344,"Wdi-Bru-Huus","Switzerland"
"1340",1345,"Weeping Radish Restaurant and Brewery - Manteo","United States"
"1341",1346,"Weinkeller Brewery - Berwyn","United States"
"1342",1347,"Weissbierbrauerei Hopf","Germany"
"1343",1348,"Wells and (&) Youngs Brewing Company Ltd.","United Kingdom"
"1344",1349,"WernesgrÃ¼ner Brauerei","Germany"
"1345",1350,"WernesgrÃ¼ner Brauerei GmbH","Germany"
"1346",1351,"Western Reserve Brewing","United States"
"1347",1352,"Weyerbacher Brewing Company","United States"
"1348",1353,"WH Brakspear & Sons","United Kingdom"
"1349",1354,"Wharf Rat","United States"
"1350",1355,"Whim Ales","United Kingdom"
"1351",1356,"Whitbread Beer Company","United Kingdom"
"1352",1357,"White Marsh Brewing Company","United States"
"1353",1358,"White Oak Cider","United States"
"1354",1359,"White Winter Winery","United States"
"1355",1360,"Whitstable Brewery","United Kingdom"
"1356",1361,"Widmer Brothers Brewing","United States"
"1357",1362,"Wild Duck Brewing","United States"
"1358",1363,"Wild Goose Brewery, LLC","United States"
"1359",1364,"Wild Onion Brewing","United States"
"1360",1365,"Wild River Brewing and Pizza - Cave Junction","United States"
"1361",1366,"William Kuether Brewing","United States"
"1362",1367,"Williams Brothers Brewing Company","United Kingdom"
"1363",1368,"Willoughby Brewing","United States"
"1364",1369,"Wilmington Brewing","United States"
"1365",1370,"Wisconsin Brewing","United States"
"1366",1371,"Wolf Pack Brewing","United States"
"1367",1372,"Wolf Tongue Brewery","United States"
"1368",1373,"Woodforde's Norfolk Ales","United Kingdom"
"1369",1374,"Wrzburger Hofbru AG","Germany"
"1370",1375,"Wychwood Brewery","United Kingdom"
"1371",1376,"Wychwood Brewery Company Ltd","United Kingdom"
"1372",1377,"Wyder's Cider","Canada"
"1373",1378,"Wye Valley Brewery","United Kingdom"
"1374",1379,"Wynkoop Brewing","United States"
"1375",1380,"Yakima Brewing and Malting / Grant's Ales","United States"
"1376",1381,"Yaletown Brewing","Canada"
"1377",1382,"Yamhill Brewing","United States"
"1378",1383,"Yards Brewing","United States"
"1379",1384,"Marshall Wharf Brewing Company","United States"
"1380",1385,"Youngs & Company Brewery","England"
"1381",1386,"Zea Rotisserie and Brewery","United States"
"1382",1387,"Yegua Creek Brewing - Dallas","United States"
"1383",1388,"Yuengling & Son Brewing","United States"
"1384",1389,"York Brewery","England"
"1385",1390,"Yellowstone Valley Brewing","United States"
"1386",1391,"Yazoo Brewing","United States"
"1387",1392,"Yuksom Breweries","India"
"1388",1393,"Baxter Brewing","United States"
"1389",1394,"Aviator Brewing Company","United States"
"1390",1396,"Aspen Brewing Company","United States"
"1391",1397,"Tallgrass Brewing Co.","United States"
"1392",1398,"Half Acre Beer Company","United States"
"1393",1399,"New Jersey Beer Company","United States"
"1394",1400,"FINNEGANS","United States"
"1395",1401,"Half Pints Brewing Company","Canada"
"1396",1402,"Warwick Valley Wine Co.","United States"
"1397",1403,"The Nook Brewhouse","United Kingdom"
"1398",1404,"The St. Louis Brewrey","United States"
"1399",1405,"Baltika Breweries","Russia"
"1400",1406,"Baltika Breweries","Russia"
"1401",1407,"Catawba Valley Brewing Company","United States"
"1402",1408,"Walnut Brewery","United States"
"1403",1409,"Columbus Brewing Company","United States"
"1404",1410,"Oso","United States"
"1405",1411,"Element Brewing Company","United States"
"1406",1412,"Cains","United Kingdom"
"1407",1413,"Wedge Brewery","United States"
"1408",1414,"Black Creek Historic Brewery","Canada"
"1409",1415,"Hertog Jan","Netherlands"
"1410",1416,"Brewery Vivant","United States"
"1411",1417,"Oakshire","United States"
"1412",1418,"Oakshire","United States"
"1413",1422,"Abhi Brewery","India"
"1414",1423,"Brasserie du Bouffay","France"
